證券代號,證券名稱,成交股數,成交金額,開盤價,最高價,最低價,收盤價,漲跌價差,成交筆數
"0050","元大台灣50","6666000","924033100","140.40","140.40","138.10","138.25","-2.3500","3957"
"0051","元大中型100","185000","10284950","55.95","56.10","55.00","55.00","-1.2000","91"
"0052","富邦科技","1130000","143084000","128.75","128.75","126.00","126.00","-3.5500","624"
"0053","元大電子","25000","1701050","69.00","69.00","67.05","67.25","-1.3500","23"
"0054","元大台商50","8000","257040","32.32","32.32","32.00","32.00","-0.5500","8"
"0055","元大MSCI金融","300000","6334090","21.12","21.36","21.06","21.06","0.0100","117"
"0056","元大高股息","15569000","560718730","36.12","36.17","35.90","35.91","-0.2100","7826"
"0057","富邦摩台","22000","2073500","94.45","94.45","94.05","94.05","-1.9500","4"
"0061","元大寶滬深","217000","5083220","23.45","23.50","23.33","23.33","-0.2200","122"
"006203","元大MSCI台灣","10000","656150","65.65","65.65","65.30","65.30","-1.9000","6"
"006204","永豐臺灣加權","20000","1761000","88.05","88.05","88.05","88.05","-1.1500","2"
"006205","富邦上証","960000","35958440","37.78","37.78","37.33","37.35","-0.5400","220"
"006206","元大上證50","109000","4119970","38.05","38.05","37.59","37.64","-0.4500","50"
"006207","FH滬深","152000","4609150","30.32","30.57","30.23","30.23","-0.4500","16"
"006208","富邦台50","2283000","181737550","80.65","80.65","79.30","79.35","-1.4000","1515"
"00625K","富邦上証+R","","","","","","","0.0000",""
"00631L","元大台灣50正2","6083000","770904050","129.70","129.80","125.50","125.50","-4.9500","1608"
"00632R","元大台灣50反1","280122000","1614806660","5.70","5.80","5.70","5.79","0.1000","10835"
"00633L","富邦上証正2","3594000","235808800","66.95","67.15","65.00","65.00","-2.3500","1163"
"00634R","富邦上証反1","788000","3097380","3.91","3.96","3.90","3.96","0.0700","63"
"00635U","期元大S&P黃金","803000","19132630","23.80","23.88","23.80","23.84","-0.1600","209"
"00636","國泰中國A50","1169000","31504890","27.30","27.30","26.82","26.82","-0.4900","345"
"00636K","國泰中國A50+U","200","1920","9.60","9.60","9.60","9.60","-0.1500","2"
"00637L","元大滬深300正2","34665000","900282650","26.50","26.53","25.70","25.70","-0.9300","6373"
"00638R","元大滬深300反1","602000","4757950","7.84","7.96","7.83","7.95","0.1700","133"
"00639","富邦深100","1691000","28365170","16.89","16.92","16.70","16.70","-0.2000","227"
"00640L","富邦日本正2","114000","3116370","27.60","27.60","27.25","27.27","-0.4300","42"
"00641R","富邦日本反1","73000","801210","10.91","11.05","10.91","11.05","0.2400","36"
"00642U","期元大S&P石油","20524000","221838880","10.86","10.87","10.75","10.76","-0.1100","2165"
"00643","群益深証中小","681000","11955510","17.68","17.72","17.50","17.50","-0.1500","188"
"00643K","群益深証中小+R","","","","","","","0.0000",""
"00645","富邦日本","32000","788720","24.90","24.90","24.56","24.57","-0.3400","23"
"00646","元大S&P500","501000","17985520","35.85","36.00","35.85","35.89","-0.0200","168"
"00647L","元大S&P500正2","48000","2988050","62.40","62.40","62.15","62.20","-0.3500","36"
"00648R","元大S&P500反1","3425000","25291880","7.37","7.40","7.37","7.40","0.0300","108"
"00650L","FH香港正2","1439000","42149300","30.46","30.46","29.07","29.15","-1.9500","331"
"00651R","FH香港反1","632000","4435590","6.95","7.04","6.90","7.04","0.2400","102"
"00652","富邦印度","314000","7617220","24.56","24.56","24.10","24.28","-0.4700","160"
"00653L","富邦印度正2","2572000","85373410","33.55","33.58","32.69","33.35","-1.3800","769"
"00654R","富邦印度反1","2998000","31412490","10.05","10.70","10.05","10.55","0.8300","870"
"00655L","國泰中國A50正2","2328000","114993920","50.25","50.50","48.85","48.85","-2.1000","848"
"00656R","國泰中國A50反1","183000","1329060","7.21","7.29","7.21","7.29","0.1300","15"
"00657","國泰日經225","100000","3555000","35.55","35.55","35.55","35.55","-0.0500","2"
"00657K","國泰日經225+U","200","2540","12.70","12.70","12.70","12.70","-0.0600","2"
"00660","元大歐洲50","18000","509850","28.32","28.34","28.30","28.34","-0.2900","5"
"00661","元大日經225","52000","1872320","36.11","36.11","35.95","35.95","-0.2000","17"
"00662","富邦NASDAQ","225000","11234600","50.20","50.20","49.85","49.85","-0.4000","84"
"00663L","國泰臺灣加權正2","1510000","171810400","116.70","116.70","113.35","113.40","-4.0500","57"
"00664R","國泰臺灣加權反1","20979000","136999060","6.48","6.58","6.47","6.58","0.1200","748"
"00665L","富邦恒生國企正2","574000","13915270","24.78","24.87","23.97","24.00","-1.5500","259"
"00666R","富邦恒生國企反1","122000","1365590","11.14","11.20","11.14","11.20","0.3700","5"
"00668","國泰美國道瓊","32000","1098200","34.26","34.35","34.26","34.35","0.2200","23"
"00668K","國泰美國道瓊+U","200","2450","12.25","12.25","12.25","12.25","0.0100","2"
"00669R","國泰美國道瓊反1","2388000","19625520","8.21","8.23","8.20","8.22","0.0000","194"
"00670L","富邦NASDAQ正2","692000","64526450","93.50","93.55","92.95","92.95","-2.1000","153"
"00671R","富邦NASDAQ反1","5082000","29800230","5.85","5.88","5.84","5.88","0.0700","245"
"00673R","期元大S&P原油反1","428000","7655150","17.83","17.97","17.81","17.96","0.1800","94"
"00674R","期元大S&P黃金反1","79000","1068200","13.55","13.55","13.50","13.51","0.1000","23"
"00675L","富邦臺灣加權正2","1936000","94721870","50.20","50.20","48.48","48.51","-1.9900","423"
"00676R","富邦臺灣加權反1","14172000","50495630","3.52","3.59","3.52","3.58","0.0700","605"
"00677U","期富邦VIX","146096000","248232960","1.69","1.72","1.68","1.71","0.0800","6553"
"00678","群益NBI生技","330000","9259930","28.10","28.10","28.04","28.06","-0.1200","26"
"00680L","元大美債20正2","33000","732880","22.20","22.25","22.19","22.23","0.0200","12"
"00681R","元大美債20反1","12000","172200","14.35","14.35","14.35","14.35","0.0200","2"
"00682U","期元大美元指數","114000","2065330","18.07","18.16","18.07","18.16","0.1600","51"
"00683L","期元大美元指正2","1016000","17093350","16.75","16.86","16.75","16.85","0.2500","319"
"00684R","期元大美元指反1","10000","191400","19.14","19.14","19.14","19.14","-0.2000","1"
"00685L","群益臺灣加權正2","13000","556770","42.67","43.07","42.67","42.70","-1.2600","9"
"00686R","群益臺灣加權反1","363000","1406650","3.84","3.91","3.84","3.91","0.0900","45"
"00688L","國泰20年美債正2","340000","7534720","22.14","22.23","22.14","22.22","-0.0400","14"
"00689R","國泰20年美債反1","317000","4777100","15.08","15.08","15.06","15.06","0.0000","18"
"00690","兆豐藍籌30","86000","2874800","33.83","33.83","33.13","33.13","-0.6600","28"
"00692","富邦公司治理","2865000","101158010","35.73","35.73","35.17","35.21","-0.5200","1178"
"00693U","期街口S&P黃豆","2045000","48164830","23.62","23.65","23.46","23.54","0.5300","433"
"00700","富邦恒生國企","154000","2937000","19.30","19.30","18.96","19.00","-0.5500","73"
"00701","國泰股利精選30","3048000","73767270","24.21","24.29","24.10","24.10","-0.0300","866"
"00702","國泰標普低波高息","110000","2250820","20.29","20.48","20.29","20.45","0.1600","18"
"00703","台新MSCI中國","166000","4125100","25.03","25.03","24.76","24.76","-0.7200","48"
"00706L","期元大S&P日圓正2","41000","663220","16.21","16.22","16.14","16.14","-0.2800","29"
"00707R","期元大S&P日圓反1","1000","19700","19.70","19.70","19.70","19.70","0.0000","1"
"00708L","期元大S&P黃金正2","1445000","37449850","25.89","26.03","25.86","25.94","-0.3100","497"
"00709","富邦歐洲","136000","3144060","23.20","23.20","23.05","23.05","-0.1800","15"
"00710B","FH彭博高收益債","319000","5882010","18.45","18.45","18.42","18.44","0.0200","119"
"00711B","FH彭博新興債","116000","2308550","19.91","19.91","19.90","19.91","0.0300","15"
"00712","FH富時不動產","2285000","32932200","14.43","14.43","14.38","14.38","-0.0200","641"
"00713","元大台灣高息低波","159000","6948550","43.70","44.05","43.27","43.27","-0.4700","99"
"00714","群益道瓊美國地產","34000","722320","21.20","21.31","21.20","21.25","0.3100","17"
"00715L","期街口布蘭特正2","61742000","439109390","7.16","7.19","7.05","7.07","-0.0700","3083"
"00717","富邦美國特別股","1182000","19846180","16.86","16.86","16.76","16.80","-0.0600","306"
"00728","第一金工業30","1134000","33286000","30.02","30.10","29.03","29.10","-0.7700","652"
"00730","富邦臺灣優質高息","730000","15798060","21.78","21.78","21.54","21.55","-0.2300","352"
"00731","FH富時高息低波","294000","17004550","57.95","57.95","57.60","57.65","-0.3000","31"
"00732","國泰RMB短期報酬","100000","3950000","39.50","39.50","39.50","39.50","0.1000","2"
"00733","富邦臺灣中小","680000","29823380","44.16","44.32","43.35","43.45","-0.6200","379"
"00735","國泰臺韓科技","136000","4689560","35.18","35.18","34.20","34.23","-0.9800","23"
"00736","國泰新興市場","106000","2495530","23.57","23.74","23.54","23.54","-0.4700","7"
"00737","國泰AI+Robo","294000","9533800","32.60","32.60","32.35","32.37","-0.7000","115"
"00738U","期元大道瓊白銀","1616000","43418410","26.91","26.95","26.81","26.84","-0.4800","410"
"00739","元大MSCI A股","258000","7118220","27.96","27.96","27.50","27.51","-0.4600","48"
"00742","新光內需收益","84000","1918540","22.90","22.91","22.80","22.80","-0.1600","27"
"00743","國泰中國A150","102000","2946750","28.75","29.00","28.75","28.89","-0.1800","4"
"00752","中信中國50","2712000","80220090","29.90","29.90","29.45","29.52","-0.7100","1630"
"00753L","中信中國50正2","985000","36840160","38.39","38.39","37.05","37.18","-2.1100","494"
"00757","統一FANG+","1126000","53548660","47.85","47.85","47.44","47.44","-0.9000","545"
"00762","元大全球AI","894000","34287640","38.58","38.58","38.22","38.36","-0.4700","400"
"00763U","期街口道瓊銅","878000","25651640","29.59","29.59","28.96","28.96","-0.5500","348"
"00770","國泰北美科技","315000","11209950","35.64","35.64","35.41","35.41","-0.4200","20"
"00771","元大US高息特別股","99000","1901740","19.26","19.26","19.19","19.20","-0.0800","41"
"00774B","新光中國政金綠債","2000","77340","38.67","38.67","38.67","38.67","0.1200","2"
"00774C","新光中政金綠債+R","","","","","","","0.0000",""
"00775B","新光投等債15+","2000","81920","40.96","40.96","40.96","40.96","0.1200","2"
"00783","富邦中証500","856000","18566770","21.66","21.72","21.64","21.65","-0.2000","24"
"008201","BP上證50","400","49330","123.35","123.35","123.25","123.25","-1.7500","2"
"00830","國泰費城半導體","2435000","67326860","27.82","27.86","27.55","27.58","-0.6900","947"
"00850","元大臺灣ESG永續","3619000","125141920","35.02","35.02","34.42","34.45","-0.6000","1821"
"00851","台新全球AI","63000","1918280","30.50","30.50","30.41","30.41","-0.3800","16"
"00852L","國泰美國道瓊正2","314000","6331470","20.14","20.18","20.12","20.15","0.1000","68"
"00861","元大全球未來通訊","890000","25582670","28.98","28.98","28.66","28.66","-0.3400","337"
"00865B","國泰US短期公債","120000","4369920","36.50","36.50","36.40","36.40","0.1000","8"
"00875","國泰網路資安","234000","7198160","30.86","30.86","30.73","30.73","-0.3400","143"
"00876","元大未來關鍵科技","1732000","50529290","29.54","29.54","29.09","29.09","-0.7100","853"
"00878","國泰永續高股息","9125000","174104270","19.15","19.17","19.00","19.02","-0.1300","3694"
"00881","國泰台灣5G+","69285000","1252755670","18.49","18.49","17.98","18.00","-0.6000","22957"
"00882","中信中國高股息","26149000","415631280","16.06","16.06","15.84","15.85","-0.2300","11309"
"00885","富邦越南","39521000","608939090","15.20","15.61","15.20","15.52","0.1700","9279"
"01001T","土銀富邦R1","16000","296910","18.70","18.70","18.49","18.60","0.0000","6"
"01002T","土銀國泰R1","141000","2625360","18.71","18.71","18.10","18.70","-0.0900","71"
"01003T","兆豐新光R1","86000","1661840","19.35","19.38","19.27","19.34","-0.0500","25"
"01004T","土銀富邦R2","113000","1969980","17.49","17.49","17.39","17.39","-0.1000","22"
"01007T","兆豐國泰R2","250000","5166520","20.91","20.99","20.10","20.91","0.0000","127"
"01009T","王道圓滿R1","83000","796690","9.61","9.61","9.56","9.61","0.0000","14"
"01010T","京城樂富R1","157000","1714700","10.95","10.95","10.91","10.94","0.0000","43"
"020000","富邦特選蘋果N","5000","38610","7.77","7.77","7.68","7.68","-0.2300","4"
"020002","元富新中國N","2000","40440","20.22","20.22","20.22","20.22","-0.2000","1"
"020004","兆豐電菁英30N","","","","","","","0.0000",""
"020006","永昌中小300N","1000","32710","32.71","32.71","32.71","32.71","0.0000","1"
"020007","凱基臺灣500N","","","","","","","0.0000",""
"020008","元大特股高息N","25000","302520","12.12","12.12","12.10","12.10","-0.0100","11"
"020011","統一微波高息20N","38000","242040","6.26","6.41","6.25","6.37","-0.0100","11"
"020012","富邦行動通訊N","46000","309860","6.88","6.88","6.72","6.72","-0.2200","13"
"020015","統一MSCI美低波N","2000","28760","14.38","14.38","14.38","14.38","0.0300","1"
"020016","統一MSCI美科技N","","","","","","","0.0000",""
"020018","統一價值成長30N","394000","6389840","16.25","16.33","15.98","15.99","-0.1600","56"
"020019","統一特選台灣5GN","634000","9069830","14.83","14.83","14.26","14.30","-0.5300","62"
"02001L","富邦蘋果正二N","31000","397770","13.07","13.07","12.72","12.72","-0.5700","8"
"02001R","富邦蘋果反一N","","","","","","","0.0000",""
"020020","元大台股領航N","3763000","27320970","7.35","7.36","7.20","7.24","-0.0800","1110"
"020022","元大電動車N","21591000","139508020","6.65","6.65","6.35","6.37","-0.2800","4052"
"1101","台泥","58625000","3008462900","52.00","52.00","50.60","51.20","-0.9000","21842"
"1101B","台泥乙特","9000","480900","53.70","53.70","53.20","53.60","-0.1000","9"
"1102","亞泥","11788000","585298150","49.75","49.95","49.50","49.60","-0.3500","4382"
"1103","嘉泥","5677000","144160800","26.00","26.00","25.00","25.00","-1.0000","2245"
"1104","環泥","3547000","90251100","26.10","26.10","25.00","25.00","-1.1000","1464"
"1108","幸福","2609000","43351550","16.95","17.10","16.30","16.30","-0.6000","1097"
"1109","信大","1305000","37659800","29.05","29.55","28.30","28.50","-0.5500","699"
"1110","東泥","407000","7117150","18.00","18.00","17.05","17.05","-0.9500","201"
"1201","味全","4349000","104830900","24.55","24.55","23.80","23.90","-0.6500","1880"
"1203","味王","95000","3448700","36.60","36.70","36.10","36.20","-0.3000","53"
"1210","大成","6182000","372264500","59.90","60.90","59.80","60.10","0.2000","3115"
"1213","大飲","8000","66360","8.32","8.32","8.14","8.30","-0.4500","7"
"1215","卜蜂","1966000","157761600","80.20","81.50","79.60","79.60","0.1000","1316"
"1216","統一","6995000","524338400","74.10","76.00","74.10","74.50","-0.6000","3069"
"1217","愛之味","21300000","264050500","12.90","12.90","12.10","12.15","-0.8500","7083"
"1218","泰山","3330000","106404750","32.90","32.95","31.65","31.70","-1.2000","1643"
"1219","福壽","13305000","390580200","29.20","30.35","28.40","28.95","0.6000","5689"
"1220","台榮","4204000","78554600","18.95","19.30","18.30","18.30","-0.6000","1786"
"1225","福懋油","7823000","500051500","60.50","66.20","59.00","63.80","3.6000","4609"
"1227","佳格","2865000","161203900","56.80","56.90","56.10","56.20","-0.7000","1800"
"1229","聯華","2519000","122311150","49.05","49.10","48.30","48.40","-0.8500","1614"
"1231","聯華食","883000","52632000","59.30","60.80","58.40","59.80","0.5000","567"
"1232","大統益","708000","120904000","175.50","175.50","168.00","169.00","-8.5000","582"
"1233","天仁","60000","2213600","37.30","37.30","36.55","37.00","-0.1500","42"
"1234","黑松","477000","17679200","37.50","37.50","36.80","36.95","-0.5500","235"
"1235","興泰","82000","2853400","35.00","35.65","34.20","34.70","-0.2500","55"
"1236","宏亞","892000","14549500","17.10","17.10","15.50","15.60","-1.5500","438"
"1256","鮮活果汁-KY","44000","20087000","463.00","463.00","452.50","460.00","-2.0000","43"
"1301","台塑","13644000","1469071500","106.00","109.00","106.00","107.50","1.5000","5685"
"1303","南亞","12689000","1119123600","87.50","89.60","87.40","87.90","-0.3000","6460"
"1304","台聚","84019000","3421890550","41.70","42.80","38.60","39.00","-2.3500","36365"
"1305","華夏","23710000","1045518650","44.05","45.65","42.90","43.15","-0.6000","11055"
"1307","三芳","535000","12179250","23.30","23.30","22.60","22.60","-0.9000","284"
"1308","亞聚","44288000","1572107850","35.50","36.65","34.30","34.75","-0.2500","18633"
"1309","台達化","12836000","627724900","49.35","49.90","47.55","47.95","-1.2500","6521"
"1310","台苯","7239000","155819150","21.90","22.10","21.00","21.00","-0.9000","2775"
"1312","國喬","46156000","1536875300","33.45","34.20","32.50","32.65","-0.8500","14615"
"1312A","國喬特","18000","682800","38.80","38.80","37.30","38.40","0.6000","16"
"1313","聯成","38224000","1134033800","30.45","30.50","28.70","28.90","-1.4500","12857"
"1314","中石化","341976000","5680885000","16.30","17.05","16.05","16.50","0.6000","66451"
"1315","達新","155000","11650800","75.50","75.70","75.00","75.00","-0.5000","114"
"1316","上曜","3355000","43155300","12.65","13.15","12.65","12.70","0.0500","1068"
"1319","東陽","1566000","58843450","38.05","38.15","37.15","37.15","-0.9000","892"
"1321","大洋","1110000","44917250","41.10","41.25","39.85","39.85","-1.1500","543"
"1323","永裕","311000","10995300","35.90","35.90","35.15","35.30","-0.6000","195"
"1324","地球","364000","4481100","12.50","12.55","12.20","12.20","-0.3500","155"
"1325","恆大","6133000","555675600","90.00","93.00","87.60","87.70","1.0000","4044"
"1326","台化","6388000","581206700","90.00","92.10","90.00","90.30","-0.6000","3158"
"1337","再生-KY","5886000","53152840","9.16","9.18","8.89","8.93","0.0400","1658"
"1338","廣華-KY","602000","41564600","71.00","71.00","68.20","68.80","-2.0000","451"
"1339","昭輝","570000","22816000","40.60","40.80","39.70","40.30","-0.5000","408"
"1340","勝悅-KY","682000","8303150","12.50","12.50","12.05","12.05","-0.4500","337"
"1341","富林-KY","66000","5384400","82.40","82.40","81.00","81.00","-1.4000","34"
"1342","八貫","115000","6602600","58.40","58.40","56.80","57.10","-1.5000","88"
"1402","遠東新","12408000","406037400","33.25","33.50","32.30","32.35","-0.9000","3721"
"1409","新纖","94643000","2360958150","24.15","25.85","23.80","24.40","0.2500","32167"
"1410","南染","668000","24853250","35.50","38.80","35.50","37.05","1.5500","328"
"1413","宏洲","2909000","34526700","11.40","11.90","11.40","11.90","1.0500","582"
"1414","東和","22383000","444506900","18.90","20.00","18.70","20.00","1.8000","4984"
"1416","廣豐","1574000","19189600","12.50","12.50","12.10","12.10","-0.4000","492"
"1417","嘉裕","3768000","56322850","14.80","15.35","14.55","14.60","-0.2000","1368"
"1418","東華","40000","434800","11.05","11.10","10.70","11.10","0.1000","14"
"1419","新紡","96000","4064500","42.80","43.00","42.05","42.45","-0.3500","64"
"1423","利華","4015000","95930900","22.30","24.50","22.30","24.50","2.2000","1770"
"1432","大魯閣","360000","5668550","16.20","16.20","15.55","15.70","-0.6500","265"
"1434","福懋","8869000","298229450","33.20","34.10","33.20","33.45","0.3500","3969"
"1435","中福","107000","2302700","22.20","22.20","21.20","21.40","-0.8000","66"
"1436","華友聯","21000","839800","40.10","40.10","39.75","40.05","-0.0500","20"
"1437","勤益控","521000","13717250","26.55","27.00","25.55","25.75","-0.7000","250"
"1438","三地開發","301000","9544800","32.20","32.20","31.55","31.55","-0.8500","38"
"1439","中和","319000","8012050","25.10","25.95","24.95","24.95","-0.3500","132"
"1440","南紡","130437000","4005919450","29.60","31.05","29.10","31.05","2.8000","28712"
"1441","大東","4624000","65079550","13.50","14.30","13.50","14.30","1.3000","1667"
"1442","名軒","821000","14594150","18.10","18.10","17.60","17.70","-0.4500","277"
"1443","立益","128000","1668500","13.50","13.50","12.85","13.00","-0.5500","56"
"1444","力麗","62110000","957044650","15.25","15.85","14.70","14.90","-0.2000","17527"
"1445","大宇","706000","9663650","13.50","14.10","13.45","13.60","0.0500","276"
"1446","宏和","173000","5019300","29.15","29.15","28.90","28.95","-0.2500","83"
"1447","力鵬","76408000","1127091600","14.05","15.30","13.90","14.80","0.7500","20929"
"1449","佳和","580000","12691550","21.50","22.35","21.40","21.80","0.2500","304"
"1451","年興","1198000","25629400","21.30","21.95","20.85","21.05","-0.2000","503"
"1452","宏益","15824000","386249650","23.05","25.15","23.05","23.95","1.0500","6120"
"1453","大將","2336000","24937250","10.60","11.20","10.05","10.60","-0.1500","816"
"1454","台富","1223000","13803250","11.00","11.70","10.75","11.25","0.3000","448"
"1455","集盛","37569000","671216400","17.50","18.40","17.30","17.35","0.1500","10952"
"1456","怡華","270000","5101150","19.20","19.25","18.60","18.65","-0.5500","145"
"1457","宜進","3476000","68476300","19.50","20.10","19.20","19.60","0.1000","1325"
"1459","聯發","4247000","53074700","11.70","12.85","11.70","12.85","1.1500","1287"
"1460","宏遠","17707000","198598400","10.70","11.55","10.65","11.55","1.0500","4138"
"1463","強盛","2214000","32823850","14.40","15.35","14.35","14.90","0.6000","1022"
"1464","得力","3477000","63963700","18.20","18.70","17.95","18.35","0.2000","1216"
"1465","偉全","486000","6573850","13.70","13.70","13.30","13.40","-0.1000","179"
"1466","聚隆","9749000","185956650","17.95","19.60","17.95","19.55","1.7000","3820"
"1467","南緯","15994000","363896850","22.05","23.50","21.95","22.15","0.2000","4037"
"1468","昶和","116000","1736650","15.45","15.50","14.50","15.45","-0.0500","74"
"1470","大統新創","47000","872400","18.05","19.00","18.05","18.10","-0.0500","21"
"1471","首利","7890000","103882700","14.20","14.20","13.00","13.00","-1.4000","2879"
"1472","三洋紡","139000","1414950","10.20","10.20","10.10","10.10","-0.1000","37"
"1473","台南","450000","8756700","19.75","19.75","19.20","19.35","-0.3000","228"
"1474","弘裕","22444000","436590850","18.20","19.85","18.20","19.85","1.8000","7125"
"1475","業旺","176000","9908900","60.30","60.30","53.00","54.60","-4.1000","139"
"1476","儒鴻","524000","281212000","543.00","543.00","533.00","537.00","1.0000","420"
"1477","聚陽","812000","198378500","245.00","246.00","242.00","243.00","-2.0000","531"
"1503","士電","245000","12479500","51.50","51.50","50.50","50.70","-1.0000","147"
"1504","東元","3586000","123636600","35.00","35.05","34.05","34.05","-0.8500","1443"
"1506","正道","644000","7209950","11.50","11.70","11.00","11.10","-0.6000","245"
"1507","永大","185000","11860100","64.70","64.70","63.80","63.80","-0.9000","146"
"1512","瑞利","309000","1565400","5.08","5.08","5.00","5.00","0.0000","68"
"1513","中興電","8376000","439788900","53.40","53.50","52.00","52.00","-1.5000","4423"
"1514","亞力","1509000","39540100","26.80","26.80","26.00","26.00","-0.8000","776"
"1515","力山","3251000","304673200","94.00","96.00","91.00","91.50","-2.5000","1892"
"1516","川飛","206000","4715950","23.80","23.80","22.60","22.60","-1.2000","110"
"1517","利奇","5224000","155580950","30.30","30.75","29.10","29.30","-1.4500","2580"
"1519","華城","3278000","165155100","51.10","51.60","49.15","49.40","-1.7000","2017"
"1521","大億","81000","4295000","53.20","53.20","52.90","52.90","-0.3000","68"
"1522","堤維西","1425000","34472800","24.75","25.00","23.70","23.70","-1.0500","731"
"1524","耿鼎","2387000","27333900","12.00","12.00","11.20","11.20","-0.8000","943"
"1525","江申","247000","17863200","74.60","74.60","71.20","71.50","-3.1000","180"
"1526","日馳","1170000","59316900","52.70","52.70","50.20","50.30","-2.4000","640"
"1527","鑽全","2294000","111099950","50.10","50.20","47.60","47.85","-2.1500","1357"
"1528","恩德","2007000","23258700","12.00","12.00","11.25","11.35","-0.6500","696"
"1529","樂士","402000","7109450","17.80","18.15","17.50","17.55","-0.2500","222"
"1530","亞崴","274000","10653350","39.40","39.40","38.50","38.50","-0.8000","138"
"1531","高林股","617000","10378050","16.95","17.00","16.50","16.75","-0.2500","214"
"1532","勤美","1732000","65501500","38.45","39.00","37.00","37.00","-1.5000","924"
"1533","車王電","1120000","65139500","60.00","60.00","56.50","56.60","-3.8000","837"
"1535","中宇","480000","20344200","42.90","43.20","41.20","41.65","-0.7500","258"
"1536","和大","2493000","251637900","104.00","104.00","99.90","100.50","-3.0000","1557"
"1537","廣隆","95000","14251500","150.00","151.00","149.50","150.00","-0.5000","85"
"1538","正峰","76000","832000","10.20","11.10","10.20","10.90","0.2500","23"
"1539","巨庭","388000","7608350","20.20","20.20","19.20","19.70","-0.5000","184"
"1540","喬福","759000","13132250","17.85","17.85","17.05","17.15","-0.7500","294"
"1541","錩泰","138000","7775600","57.60","57.60","55.90","55.90","-1.7000","101"
"1558","伸興","1008000","183390500","179.00","185.50","178.00","180.50","2.0000","652"
"1560","中砂","1098000","77875200","71.80","71.80","70.50","70.80","-1.7000","727"
"1568","倉佑","981000","28508100","30.40","30.40","28.55","28.55","-1.8500","626"
"1582","信錦","732000","65306300","89.80","90.50","88.70","88.80","-1.0000","542"
"1583","程泰","59000","3811800","65.00","65.00","63.90","63.90","-1.1000","40"
"1587","吉茂","794000","25963850","32.80","33.15","32.05","32.25","-0.6000","419"
"1589","永冠-KY","14424000","1279935800","87.70","92.70","85.90","87.70","2.4000","8516"
"1590","亞德客-KY","1116000","1324725000","1205.00","1215.00","1150.00","1175.00","-5.0000","901"
"1592","英瑞-KY","4398000","23646000","5.95","5.96","4.88","4.88","-0.5400","975"
"1597","直得","1141000","131292000","120.50","120.50","112.00","113.50","-7.0000","916"
"1598","岱宇","1322000","135382500","105.00","105.50","100.50","101.00","-4.0000","904"
"1603","華電","7612000","296960450","37.30","39.20","37.30","39.20","3.5500","2088"
"1604","聲寶","2207000","68505400","31.30","31.35","30.80","30.85","-0.4000","1080"
"1605","華新","124195000","3737700750","30.60","31.50","28.70","28.75","-1.7500","45034"
"1608","華榮","14864000","453432900","32.20","32.25","28.80","28.80","-3.1500","6725"
"1609","大亞","60947000","2101382550","35.00","35.60","33.00","33.00","-1.5000","26864"
"1611","中電","4541000","62148000","14.20","14.25","13.25","13.30","-0.9000","1654"
"1612","宏泰","12387000","402840650","32.55","33.60","31.40","31.45","-0.9000","6508"
"1614","三洋電","222000","8048800","36.80","36.80","35.80","35.90","-0.9000","109"
"1615","大山","1578000","69949650","44.00","46.25","42.20","43.00","-1.6000","946"
"1616","億泰","2064000","21796350","11.05","11.05","10.35","10.35","-0.5500","692"
"1617","榮星","2796000","67898550","25.25","25.85","22.65","22.80","-1.9000","1521"
"1618","合機","5277000","117063700","22.80","22.90","21.60","21.65","-0.9000","2947"
"1626","艾美特-KY","368000","10176550","27.80","27.90","27.50","27.60","-0.2000","132"
"1701","中化","4568000","113151700","24.50","25.10","24.50","24.50","0.2000","1712"
"1702","南僑","4478000","263333900","58.80","59.80","57.80","58.70","0.7000","2700"
"1707","葡萄王","204000","35815000","177.00","177.00","175.00","175.00","-2.0000","171"
"1708","東鹼","15029000","450822450","29.00","30.45","28.95","30.10","1.4000","5730"
"1709","和益","2649000","49989150","18.95","19.10","18.55","18.95","0.0000","951"
"1710","東聯","7375000","173731100","23.50","24.10","23.05","23.10","-0.3500","2591"
"1711","永光","30528000","620084100","19.35","21.00","19.20","21.00","1.9000","9440"
"1712","興農","3737000","84959850","22.50","22.90","22.45","22.60","0.2000","1532"
"1713","國化","764000","18445150","23.60","24.90","23.00","23.85","0.2500","275"
"1714","和桐","56573000","722419750","12.10","13.20","12.10","12.50","0.4000","14406"
"1717","長興","23347000","1022948100","45.80","45.80","42.40","43.00","-2.8000","9381"
"1718","中纖","180890000","2464450850","13.05","14.15","12.70","13.80","0.9000","41766"
"1720","生達","1179000","48164150","40.60","41.25","40.15","40.50","0.4500","772"
"1721","三晃","2995000","37011350","12.25","12.70","12.05","12.20","-0.0500","970"
"1722","台肥","5610000","339585000","61.00","61.40","60.00","60.40","-0.6000","2319"
"1723","中碳","788000","93709000","118.50","120.00","118.00","118.00","-0.5000","481"
"1724","台硝","414000","6550500","15.80","15.85","15.80","15.85","0.0500","105"
"1725","元禎","119000","2735950","23.50","23.60","22.50","22.55","-0.9500","86"
"1726","永記","126000","9304900","74.40","74.50","73.30","73.40","-0.7000","71"
"1727","中華化","191000","2477700","13.15","13.15","12.85","12.85","-0.3000","93"
"1730","花仙子","351000","25650900","74.00","74.00","71.80","71.80","0.0000","282"
"1731","美吾華","2667000","56087600","20.70","21.50","20.65","20.95","0.3000","1056"
"1732","毛寶","1669000","54159050","32.45","32.45","32.45","32.45","2.9500","681"
"1733","五鼎","1945000","50630600","26.00","26.90","25.05","25.80","0.0500","904"
"1734","杏輝","2310000","72944150","31.05","32.15","31.05","31.30","0.3500","1301"
"1735","日勝化","143000","2728500","19.45","19.45","18.90","19.10","0.1000","69"
"1736","喬山","771000","63918000","83.70","84.10","82.10","82.80","-0.7000","515"
"1737","臺鹽","838000","28513900","34.25","34.40","33.80","33.90","-0.3500","411"
"1760","寶齡富錦","1850000","147289400","78.00","82.00","77.60","78.10","1.2000","1301"
"1762","中化生","6794000","457278100","66.50","69.40","65.00","67.80","2.9000","3645"
"1773","勝一","445000","53196500","120.00","121.00","118.50","118.50","-1.0000","345"
"1776","展宇","34000","658050","19.60","19.60","19.20","19.20","-0.4000","26"
"1783","和康生","754000","24902550","33.10","33.90","32.40","32.50","-0.5000","355"
"1786","科妍","137000","7991400","58.80","59.00","57.70","57.70","-0.8000","72"
"1789","神隆","6754000","198068950","28.75","29.85","28.75","29.55","1.0000","3140"
"1795","美時","1170000","92101800","80.50","80.70","77.50","77.70","-2.2000","792"
"1802","台玻","111065000","3914548550","34.25","36.75","34.15","34.45","0.6000","39705"
"1805","寶徠","653000","10122550","15.80","15.80","15.25","15.25","-0.3500","246"
"1806","冠軍","15715000","246152350","16.00","16.50","14.90","15.00","-1.0500","5599"
"1808","潤隆","231000","12921800","56.20","56.50","55.60","55.70","-0.5000","127"
"1809","中釉","8640000","153835200","17.90","18.50","16.90","17.00","-0.8500","3744"
"1810","和成","5162000","68542300","13.70","13.80","12.90","12.90","-0.9000","1836"
"1817","凱撒衛","531000","20407150","39.30","39.30","38.10","38.15","-1.1000","328"
"1903","士紙","791000","45064700","58.00","58.10","56.00","56.60","-1.4000","486"
"1904","正隆","5912000","262617400","44.50","45.25","43.50","44.45","-0.1500","2872"
"1905","華紙","17397000","428166250","26.00","26.00","24.05","24.05","-1.9500","7448"
"1906","寶隆","849000","18502300","22.05","22.35","21.50","21.60","-0.4500","368"
"1907","永豐餘","11654000","431642900","38.00","38.15","36.50","36.55","-1.4500","5374"
"1909","榮成","19890000","566391950","29.20","29.45","27.65","27.75","-1.4500","7771"
"2002","中鋼","362188000","14349157400","40.00","40.95","38.50","38.55","-0.7500","97757"
"2002A","中鋼特","155000","8155000","52.90","53.00","52.30","52.80","0.0000","38"
"2006","東和鋼鐵","25191000","1501458700","60.50","62.00","57.50","58.00","-1.2000","10765"
"2007","燁興","9026000","150264450","16.90","16.95","16.10","16.10","0.0000","3825"
"2008","高興昌","2247000","46684500","21.50","21.80","19.75","19.85","-0.6500","1125"
"2009","第一銅","63665000","3824042600","61.20","63.40","55.20","56.10","-4.4000","32031"
"2010","春源","41755000","1076331150","25.60","26.80","24.25","24.25","-0.4500","15124"
"2012","春雨","9515000","317428250","33.35","34.80","31.00","32.35","-0.8500","4521"
"2013","中鋼構","11429000","568648050","51.50","51.50","48.50","48.50","-0.0500","6354"
"2014","中鴻","217486000","9736546850","43.25","46.45","42.65","42.65","0.0500","77730"
"2015","豐興","2751000","238339900","88.30","90.00","85.00","85.00","-3.3000","1691"
"2017","官田鋼","5612000","129705050","23.20","23.50","22.50","22.50","-0.5000","2747"
"2020","美亞","5538000","159430000","28.85","29.65","28.05","28.10","-0.3000","2316"
"2022","聚亨","23863000","352559550","14.95","15.35","13.95","13.95","-0.9000","8958"
"2023","燁輝","124892000","2959102300","22.80","23.85","22.70","23.85","2.1500","29208"
"2024","志聯","743000","15605800","21.90","21.90","19.55","19.55","-0.8000","362"
"2025","千興","2112000","8408160","4.00","4.00","3.90","3.90","-0.0400","371"
"2027","大成鋼","119079000","5923052550","49.30","51.30","48.20","48.45","0.4500","46657"
"2028","威致","15112000","573454700","37.45","40.05","35.30","35.90","-1.1000","7527"
"2029","盛餘","13154000","521305400","40.10","40.30","37.30","39.10","2.4500","6056"
"2030","彰源","24926000","492489350","19.50","20.50","19.10","19.25","0.4500","8353"
"2031","新光鋼","52999000","4223062400","80.40","84.50","72.50","72.60","-7.9000","27588"
"2032","新鋼","8492000","190038050","22.30","23.40","21.00","21.00","-1.0500","3651"
"2033","佳大","1190000","24109900","20.65","20.95","19.25","19.25","-1.3000","661"
"2034","允強","23115000","719911650","31.35","32.15","30.20","30.30","-0.3500","9328"
"2038","海光","71211000","2626727200","36.40","39.00","33.10","33.20","-2.6500","29263"
"2049","上銀","2156000","898109000","428.00","434.00","409.00","410.00","-15.0000","1894"
"2059","川湖","102000","36212000","358.50","358.50","352.00","354.50","-5.5000","86"
"2062","橋椿","1242000","40566250","33.90","33.90","31.90","31.95","-2.0500","635"
"2069","運錩","30121000","830214900","27.30","28.25","25.20","25.60","-0.1000","9761"
"2101","南港","2584000","109373550","43.30","43.35","41.50","41.60","-1.8000","1077"
"2102","泰豐","4752000","117933550","25.50","25.65","24.30","24.40","-1.1000","1448"
"2103","台橡","39711000","1447407500","37.15","38.20","34.60","35.10","-1.0000","14146"
"2104","國際中橡","7920000","236205250","29.65","30.50","29.40","29.40","-0.9500","3155"
"2105","正新","13236000","699451700","54.00","54.50","52.20","52.50","-1.6000","5591"
"2106","建大","3055000","136117350","45.30","45.80","43.80","44.10","-1.8000","1662"
"2107","厚生","2564000","69604400","27.60","27.70","26.70","26.75","-0.7500","1121"
"2108","南帝","14221000","1997075500","136.50","147.50","133.00","135.00","-1.5000","9312"
"2109","華豐","1596000","33228300","21.55","21.55","20.50","20.50","-0.7000","677"
"2114","鑫永銓","611000","78704000","131.50","131.50","126.50","126.50","-7.5000","432"
"2115","六暉-KY","491000","25637500","51.80","53.20","51.30","52.00","0.2000","245"
"2201","裕隆","10708000","469630050","45.30","45.40","42.80","42.95","-2.4500","4926"
"2204","中華","2095000","148322800","71.60","71.70","70.00","70.40","-1.3000","1063"
"2206","三陽工業","5367000","176053700","32.80","33.30","32.45","32.45","0.1000","2247"
"2207","和泰車","306000","181392000","598.00","602.00","587.00","592.00","-12.0000","273"
"2208","台船","30939000","807498250","25.40","26.80","25.35","25.50","0.2000","12670"
"2211","長榮鋼","3586000","210773700","60.80","61.00","58.00","58.10","-2.6000","2722"
"2227","裕日車","124000","34732500","282.50","282.50","279.00","280.00","-2.5000","100"
"2228","劍麟","243000","19271300","80.20","80.20","78.80","78.80","-1.6000","193"
"2231","為升","1254000","284747000","236.00","237.00","222.00","222.00","-13.0000","962"
"2233","宇隆","1344000","153721000","118.50","118.50","112.50","113.00","-4.5000","933"
"2236","百達-KY","74000","2176500","28.90","29.90","28.90","29.40","-0.3000","62"
"2239","英利-KY","839000","89971000","115.50","116.00","103.50","103.50","-11.5000","620"
"2241","艾姆勒","456000","27423300","61.00","61.00","59.60","59.80","-1.6000","339"
"2243","宏旭-KY","38000","432750","11.75","11.75","11.30","11.30","-0.4000","19"
"2247","汎德永業","153000","37127500","245.50","245.50","241.50","241.50","-4.0000","129"
"2301","光寶科","16673000","1104093700","65.10","67.50","64.50","67.10","3.2000","7154"
"2302","麗正","1834000","38895800","21.60","21.90","20.90","20.95","-0.6500","512"
"2303","聯電","321813000","17381517900","55.00","55.40","52.80","53.00","-3.7000","123963"
"2305","全友","3854000","40043950","10.90","10.95","10.10","10.15","-0.8000","1183"
"2308","台達電","11453000","3505859000","306.00","310.00","303.00","306.50","4.0000","7985"
"2312","金寶","38410000","665000550","17.85","17.85","17.00","17.00","-0.9500","12843"
"2313","華通","15487000","654782800","43.30","43.30","41.80","41.80","-1.5500","7338"
"2314","台揚","11998000","503636250","44.70","44.70","40.55","40.55","-4.3500","5612"
"2316","楠梓電","2182000","72297350","34.25","34.80","32.35","32.50","-2.0500","1190"
"2317","鴻海","71269000","8065048500","115.00","115.00","112.00","112.50","-3.5000","31287"
"2321","東訊","182000","1773920","9.68","9.78","9.68","9.68","0.3900","75"
"2323","中環","24107000","287591950","12.20","12.20","11.60","11.90","-0.3000","4550"
"2324","仁寶","27360000","668826150","24.80","24.90","24.30","24.35","-0.6500","9207"
"2327","國巨","6813000","3608606000","542.00","543.00","522.00","522.00","-21.0000","5393"
"2328","廣宇","14255000","556259150","40.50","40.50","38.30","38.75","-1.9000","7429"
"2329","華泰","11551000","204029000","18.35","18.35","17.25","17.45","-0.9000","3561"
"2330","台積電","41458000","24515068000","595.00","597.00","588.00","588.00","-12.0000","25863"
"2331","精英","9658000","255292400","27.40","27.40","26.00","26.00","-1.4000","3947"
"2332","友訊","12013000","262416600","22.90","22.90","21.15","21.25","-1.6000","4058"
"2337","旺宏","66189000","3061217650","46.00","47.10","45.30","45.55","-0.3000","22998"
"2338","光罩","16121000","1275313400","83.00","83.00","76.30","77.10","-6.5000","9413"
"2340","光磊","7735000","211437300","28.20","28.20","26.80","26.90","-1.2500","3411"
"2342","茂矽","3407000","126057450","38.20","38.20","36.35","36.45","-1.7500","1885"
"2344","華邦電","117183000","4016898350","35.60","35.60","33.50","33.50","-2.2000","39304"
"2345","智邦","4025000","1258516000","310.00","318.50","302.50","315.50","-2.5000","3034"
"2347","聯強","4674000","260605300","55.20","56.30","55.20","55.80","0.1000","2646"
"2348","海悅","735000","79021000","106.50","110.00","106.00","107.00","0.5000","469"
"2349","錸德","8858000","107625100","12.50","12.55","11.90","11.95","-0.5000","2456"
"2351","順德","4208000","356494800","88.40","88.50","82.00","82.20","-6.8000","2872"
"2352","佳世達","20907000","735121100","36.40","36.50","34.30","34.45","-1.9500","10222"
"2353","宏碁","37770000","1242299850","34.10","34.30","32.10","32.25","-2.0500","13092"
"2354","鴻準","14899000","997114100","68.90","69.00","66.00","66.70","-2.3000","8422"
"2355","敬鵬","6951000","240097600","36.45","36.45","33.50","33.60","-2.8500","4036"
"2356","英業達","15792000","425223050","27.10","27.20","26.70","26.70","-0.4500","5906"
"2357","華碩","3480000","1316428500","372.50","381.00","372.50","376.50","0.5000","2475"
"2358","廷鑫","2021000","37547900","18.35","19.50","18.05","18.10","-0.0500","959"
"2359","所羅門","990000","19188300","19.90","19.90","19.00","19.05","-0.7500","420"
"2360","致茂","1536000","293862000","198.00","198.50","186.50","186.50","-7.5000","1126"
"2362","藍天","1250000","39807450","32.50","32.70","31.55","31.65","-0.8500","567"
"2363","矽統","27196000","651627250","25.10","25.10","23.25","23.30","-2.0000","10994"
"2364","倫飛","1227000","4390260","3.56","3.58","3.56","3.58","0.3200","150"
"2365","昆盈","4724000","66565650","14.75","14.75","13.80","13.80","-0.9500","1647"
"2367","燿華","7004000","147579450","21.60","21.60","20.70","20.80","-0.8000","3060"
"2368","金像電","10569000","560631300","54.90","55.00","52.40","52.40","-2.5000","4689"
"2369","菱生","8282000","154944700","18.70","19.25","18.15","18.35","-0.5000","3301"
"2371","大同","31519000","823736200","26.80","26.85","25.70","25.75","-1.2500","9380"
"2373","震旦行","96000","8855000","92.10","93.00","92.10","92.10","-0.1000","77"
"2374","佳能","2679000","47672650","18.50","18.50","17.55","17.55","-1.0500","904"
"2375","凱美","10359000","1208066000","123.50","123.50","112.50","113.50","-11.5000","6667"
"2376","技嘉","20177000","2612996000","130.00","134.50","125.00","125.00","2.0000","11554"
"2377","微星","20831000","3970609500","195.00","200.50","183.50","188.00","3.5000","11468"
"2379","瑞昱","2703000","1421958000","528.00","539.00","519.00","519.00","-13.0000","2259"
"2380","虹光","2959000","42621750","14.70","15.00","13.95","14.35","-0.4000","1341"
"2382","廣達","11304000","1094040700","97.10","98.00","96.20","96.20","-2.2000","3601"
"2383","台光電","5688000","1032278000","180.00","184.50","178.00","179.50","1.5000","3582"
"2385","群光","2516000","212742600","84.50","85.00","84.00","84.60","0.1000","1536"
"2387","精元","1832000","112874600","63.10","63.10","60.80","60.90","-2.2000","1061"
"2388","威盛","6609000","364030200","55.30","56.80","53.40","53.40","0.2000","3744"
"2390","云辰","33922000","660216900","18.45","19.85","18.45","19.85","1.6500","10206"
"2392","正崴","3504000","159211350","46.05","46.15","45.00","45.10","-1.2500","1945"
"2393","億光","5679000","266605850","46.50","47.50","46.05","46.45","0.1000","3077"
"2395","研華","849000","304425500","355.00","361.00","355.00","358.50","2.5000","660"
"2397","友通","89000","6022700","68.50","68.50","67.10","67.50","-1.0000","65"
"2399","映泰","9807000","295790550","32.05","32.15","28.50","28.65","-2.3500","5127"
"2401","凌陽","89906000","3034223700","35.20","35.25","31.60","32.20","-2.8500","32214"
"2402","毅嘉","6724000","131048800","20.45","20.45","18.95","19.05","-1.4500","2685"
"2404","漢唐","2802000","662926500","242.50","242.50","232.50","233.50","-10.0000","2114"
"2405","浩鑫","4433000","61543000","14.15","14.25","13.60","13.65","-0.6000","1700"
"2406","國碩","2982000","59690650","20.20","20.45","19.60","19.60","-0.3500","1351"
"2408","南亞科","24457000","2181185800","93.00","93.00","87.50","87.70","-3.9000","12354"
"2409","友達","464837000","14196112250","31.00","31.65","29.85","29.85","-3.3000","141665"
"2412","中華電","8865000","1003400000","113.50","114.00","113.00","113.00","-1.0000","3999"
"2413","環科","1936000","50879300","27.85","27.95","25.25","25.55","-2.2500","1023"
"2414","精技","589000","16972750","28.90","29.50","28.55","28.60","-0.3000","281"
"2415","錩新","1303000","49521650","38.05","39.00","36.35","36.35","-1.2500","791"
"2417","圓剛","2936000","139538250","48.80","48.80","46.50","46.60","-1.1500","1649"
"2419","仲琦","4532000","106866300","24.50","24.50","22.90","23.00","-2.3500","2168"
"2420","新巨","601000","23331850","39.30","39.30","38.65","38.75","-0.5500","365"
"2421","建準","3053000","160726800","53.00","53.80","51.60","51.70","-1.2000","1846"
"2423","固緯","191000","4860050","25.50","25.65","25.30","25.30","-0.2000","109"
"2424","隴華","4000","112200","28.10","28.10","28.00","28.00","-0.1000","4"
"2425","承啟","1236000","42111950","35.00","35.10","33.20","34.70","-0.3000","770"
"2426","鼎元","6662000","194506300","29.75","29.75","28.65","28.65","-0.5000","2813"
"2427","三商電","2135000","27598850","13.35","13.35","12.70","12.80","-0.5500","629"
"2428","興勤","1247000","216488000","183.00","183.00","170.00","170.00","-14.0000","1016"
"2429","銘旺科","107000","1928100","18.25","18.30","17.80","17.95","-0.3500","51"
"2430","燦坤","629000","17163450","27.40","27.45","27.05","27.40","0.0500","318"
"2431","聯昌","1842000","26346950","14.75","14.90","13.80","13.85","-1.1000","635"
"2433","互盛電","207000","11190300","54.50","54.50","53.80","53.80","-0.7000","132"
"2434","統懋","18000","715100","38.85","40.00","38.85","40.00","1.4500","16"
"2436","偉詮電","20457000","1684519300","82.10","84.40","80.20","81.30","-1.0000","11025"
"2438","翔耀","292000","3540400","12.90","12.90","11.90","11.95","-1.0500","145"
"2439","美律","3470000","418914000","124.00","124.00","119.00","121.50","-5.0000","2330"
"2440","太空梭","6502000","163044200","24.95","26.50","24.90","24.90","-2.7500","3021"
"2441","超豐","8202000","607920600","74.80","75.70","73.00","73.50","0.1000","4811"
"2442","新美齊","2922000","34031100","11.95","11.95","11.50","11.55","-0.3500","788"
"2443","億麗","352000","1140640","3.32","3.42","3.02","3.03","-0.2800","97"
"2444","兆勁","1222000","18869900","16.05","16.05","15.20","15.25","-0.7500","563"
"2449","京元電子","19173000","949876450","49.55","50.40","48.55","49.00","-0.5000","9920"
"2450","神腦","584000","20293750","35.90","35.90","34.00","34.25","-1.6000","380"
"2451","創見","5074000","403548800","80.50","82.40","77.40","79.20","-1.3000","3310"
"2453","凌群","2531000","65766350","27.35","27.45","25.50","25.50","-1.8500","1474"
"2454","聯發科","24879000","27885040000","1175.00","1175.00","1080.00","1105.00","-80.0000","15125"
"2455","全新","2684000","309529000","116.00","117.50","113.00","114.00","-3.0000","1757"
"2456","奇力新","5840000","626005000","109.00","110.00","105.50","106.00","-5.0000","3806"
"2457","飛宏","32986000","1321495050","41.20","42.40","38.70","38.70","-4.2500","16548"
"2458","義隆","8177000","1700551000","215.00","217.00","203.00","205.50","-9.0000","5208"
"2459","敦吉","271000","14785500","55.00","55.20","54.10","54.10","-1.0000","211"
"2460","建通","3206000","130823900","41.50","42.05","40.10","40.30","-1.2000","1965"
"2461","光群雷","3374000","77165950","23.20","23.55","22.45","22.80","-0.2500","1147"
"2462","良得電","859000","25876550","31.65","31.65","29.60","29.75","-1.9000","339"
"2464","盟立","3077000","148370850","49.85","49.85","47.50","47.70","-1.5000","1969"
"2465","麗臺","2647000","122189800","48.50","48.80","43.55","44.00","-2.5000","1776"
"2466","冠西電","108000","3688650","34.60","34.60","34.00","34.20","-0.4000","58"
"2467","志聖","1786000","98888900","57.50","57.60","54.30","54.50","-2.3000","1090"
"2468","華經","1752000","26833600","15.00","15.80","14.85","15.60","0.8500","699"
"2471","資通","737000","21547950","29.70","29.95","28.80","28.90","-0.8000","416"
"2472","立隆電","2188000","147698000","69.90","69.90","66.00","66.00","-4.2000","1482"
"2474","可成","5057000","979360000","197.50","198.00","191.50","191.50","-6.0000","3611"
"2476","鉅祥","16444000","626978700","39.05","39.30","37.35","37.50","0.3000","7115"
"2477","美隆電","3311000","131537450","40.25","40.70","38.30","38.55","-1.7000","1453"
"2478","大毅","1230000","92036900","77.00","77.20","74.00","74.00","-3.0000","823"
"2480","敦陽科","495000","35000000","71.50","71.50","70.40","70.50","-1.1000","354"
"2481","強茂","9829000","555235100","58.30","58.50","54.90","55.50","-3.5000","5448"
"2482","連宇","1052000","14664250","14.60","14.80","13.40","13.60","-1.2500","443"
"2483","百容","346000","7802450","22.75","23.00","22.15","22.20","-0.7500","186"
"2484","希華","4554000","135547450","30.65","30.65","29.20","29.20","-1.6000","2225"
"2485","兆赫","16524000","392718300","25.50","25.50","22.95","22.95","-2.5000","6991"
"2486","一詮","5437000","174985500","33.75","33.75","31.55","31.55","-2.1500","2710"
"2488","漢平","659000","21481100","33.40","33.55","32.15","32.25","-1.1000","386"
"2489","瑞軒","32537000","628344350","19.90","19.95","19.00","19.05","-1.0000","9840"
"2491","吉祥全","1156000","26559450","24.20","24.50","22.15","24.00","-0.6000","559"
"2492","華新科","9108000","2119330000","241.00","242.00","228.50","228.50","-14.0000","6478"
"2493","揚博","1381000","54309650","40.00","40.00","38.80","38.95","-1.4000","848"
"2495","普安","23503000","587378050","24.95","25.10","24.10","25.10","2.2500","6438"
"2496","卓越","32000","1884900","59.20","59.20","58.40","58.40","-1.1000","26"
"2497","怡利電","945000","30251050","33.85","33.85","30.70","30.80","-3.2500","579"
"2498","宏達電","29402000","1257094050","42.00","44.15","41.05","42.15","0.5500","13948"
"2501","國建","2041000","43451100","21.45","21.50","21.15","21.15","-0.3000","658"
"2504","國產","11430000","321557800","28.40","28.95","27.35","27.50","-1.0500","3627"
"2505","國揚","2904000","100221000","35.00","35.25","33.90","33.90","-1.1500","1089"
"2506","太設","1490000","16974450","11.65","11.70","11.25","11.25","-0.3500","445"
"2509","全坤建","4956000","105519700","22.10","22.35","20.70","21.10","-1.0000","2475"
"2511","太子","4575000","57412100","12.55","12.75","12.40","12.60","0.0000","1089"
"2514","龍邦","595000","11310000","19.45","19.50","18.80","18.85","-0.6000","242"
"2515","中工","35572000","374065600","10.80","10.85","10.30","10.40","-0.4000","7127"
"2516","新建","1965000","12407750","6.55","6.55","6.15","6.28","-0.3100","580"
"2520","冠德","3479000","151025050","43.55","43.70","43.20","43.35","-0.2500","1667"
"2524","京城","126000","4849600","38.80","39.10","38.15","38.20","-0.9000","93"
"2527","宏璟","1336000","31597850","24.15","24.30","23.20","23.40","-0.7000","507"
"2528","皇普","207000","4918300","23.90","24.00","23.60","23.65","-0.2000","42"
"2530","華建","1316000","18902000","14.50","14.55","14.05","14.30","-0.2000","381"
"2534","宏盛","2161000","48390350","22.60","22.65","22.20","22.40","-0.2500","955"
"2535","達欣工","3500000","125372600","36.60","36.60","35.35","35.60","-1.1500","2061"
"2536","宏普","496000","11618050","23.85","23.85","23.25","23.25","-0.4500","248"
"2537","聯上發","2198000","22607000","10.45","10.45","10.15","10.25","-0.2000","523"
"2538","基泰","1678000","17695200","10.70","10.70","10.45","10.50","-0.2000","465"
"2539","櫻花建","259000","8351100","32.40","32.40","32.20","32.20","-0.2500","106"
"2540","愛山林","88000","7080100","78.00","81.70","78.00","80.00","1.0000","70"
"2542","興富發","5819000","262816000","45.10","46.00","44.65","44.70","-0.5500","2168"
"2543","皇昌","311000","2742200","9.00","9.00","8.71","8.71","-0.3300","151"
"2545","皇翔","1198000","51932400","44.10","44.10","43.10","43.15","-0.9500","721"
"2546","根基","244000","12224600","50.60","50.60","50.00","50.10","-0.4000","139"
"2547","日勝生","5337000","68041700","13.20","13.20","12.50","12.50","-0.6000","1588"
"2548","華固","654000","62032300","94.80","95.20","94.30","94.80","0.0000","486"
"2597","潤弘","338000","48904500","145.00","147.50","143.00","143.50","-2.0000","252"
"2601","益航","28991000","465862050","16.15","16.30","15.70","15.70","0.0000","10209"
"2603","長榮","550053000","46786306700","84.00","86.90","81.60","86.60","7.6000","181894"
"2605","新興","25369000","866574450","33.50","35.00","33.25","33.25","0.7500","11026"
"2606","裕民","93131000","6848280900","70.60","76.30","70.00","70.20","0.0000","44369"
"2607","榮運","76732000","2005230900","26.00","26.85","25.00","25.70","1.2500","27822"
"2608","嘉里大榮","198000","8801000","45.00","45.00","44.30","44.40","-0.6000","142"
"2609","陽明","316805000","27482148900","86.10","87.70","83.80","87.70","7.9000","90513"
"2610","華航","246316000","5012495850","20.50","20.95","19.85","19.90","-1.3000","67129"
"2611","志信","23817000","511523350","21.30","22.40","20.10","20.10","-0.8000","9452"
"2612","中航","19106000","1067082000","53.90","57.80","53.10","53.70","-0.2000","9683"
"2613","中櫃","7873000","216522350","26.05","27.85","26.05","27.85","2.5000","2919"
"2614","東森","4177000","71657800","17.30","17.30","17.00","17.05","-0.2500","1218"
"2615","萬海","85686000","8661853300","98.90","104.00","96.00","101.50","6.8000","39638"
"2616","山隆","449000","16441650","36.95","36.95","36.30","36.65","-0.3000","119"
"2617","台航","55005000","2518765600","43.40","46.35","43.30","46.35","4.2000","18081"
"2618","長榮航","99533000","1827397200","18.80","18.90","17.75","17.95","-0.9500","30849"
"2630","亞航","915000","16531050","18.45","18.45","17.80","17.95","-0.5000","506"
"2633","台灣高鐵","9033000","279481250","31.30","31.35","30.75","30.75","-0.7000","3284"
"2634","漢翔","2973000","88437400","30.05","30.10","29.50","29.55","-0.5000","1594"
"2636","台驊投控","12915000","1020321200","78.80","79.90","75.00","79.90","7.2000","5877"
"2637","慧洋-KY","17692000","1320620100","71.50","77.70","71.50","74.40","3.6000","8903"
"2642","宅配通","325000","11295600","34.95","35.10","34.55","34.55","-0.4500","192"
"2701","萬企","874000","11539150","13.40","13.45","13.05","13.05","-0.3500","273"
"2702","華園","162000","2741650","17.20","17.20","16.75","16.75","-0.5000","111"
"2704","國賓","143000","4153800","29.20","29.25","28.90","29.10","-0.2000","81"
"2705","六福","480000","9610400","20.70","20.70","19.80","19.80","-0.8500","185"
"2706","第一店","387000","5744700","15.10","15.10","14.65","14.70","-0.4000","168"
"2707","晶華","904000","131343500","149.00","149.00","144.00","144.00","-5.5000","684"
"2712","遠雄來","43000","1570850","37.40","37.40","35.70","35.90","-1.5000","36"
"2722","夏都","77000","2324850","30.50","30.50","29.90","29.90","-1.3000","53"
"2723","美食-KY","1643000","294389000","186.50","186.50","176.00","178.00","-8.5000","1257"
"2727","王品","1496000","265364500","184.00","184.00","173.00","174.00","-13.0000","1231"
"2731","雄獅","950000","77553000","83.50","83.50","80.90","80.90","-3.3000","685"
"2739","寒舍","114000","2903250","25.90","26.05","25.20","25.90","-0.2000","61"
"2748","雲品","171000","7476750","44.40","44.40","43.25","43.55","-0.8500","120"
"2801","彰銀","11467000","203808650","17.90","17.90","17.65","17.65","-0.2500","2151"
"2809","京城銀","2040000","87553900","43.05","43.25","42.55","42.85","-0.4000","1045"
"2812","台中銀","12005000","142850300","11.90","11.95","11.85","11.95","0.0000","3615"
"2816","旺旺保","1265000","26825250","21.25","21.35","21.05","21.05","-0.0500","377"
"2820","華票","3866000","63294200","16.55","16.55","16.25","16.30","-0.2500","1192"
"2823","中壽","12628000","333105050","26.50","26.95","26.00","26.00","-0.5000","3226"
"2832","台產","1811000","41788850","23.20","23.35","22.90","23.10","-0.5500","424"
"2834","臺企銀","23395000","236805300","10.20","10.20","10.05","10.05","-0.1500","3822"
"2836","高雄銀","1249000","14672200","11.75","11.95","11.70","11.70","-0.1500","332"
"2836A","高雄銀甲特","18000","421200","23.40","23.40","23.40","23.40","-0.1000","13"
"2838","聯邦銀","2365000","28235050","11.95","12.10","11.85","11.85","-0.1500","570"
"2838A","聯邦銀甲特","61000","3239200","53.10","53.20","53.00","53.20","0.0000","45"
"2841","台開","2092000","14200020","6.90","6.95","6.66","6.88","-0.0700","565"
"2845","遠東銀","9531000","105593350","11.15","11.20","11.00","11.00","-0.1500","1239"
"2849","安泰銀","105000","1593000","15.15","15.25","15.10","15.15","-0.0500","42"
"2850","新產","279000","11465900","41.40","41.60","40.85","40.85","-0.7500","148"
"2851","中再保","492000","11858050","24.05","24.30","24.00","24.05","-0.1500","277"
"2852","第一保","1290000","17540700","13.70","13.70","13.50","13.65","-0.1500","315"
"2855","統一證","7931000","234712550","29.90","30.10","29.15","29.15","-0.7500","2807"
"2867","三商壽","10732000","110156000","10.30","10.40","10.15","10.30","0.0000","1845"
"2880","華南金","25936000","485188100","18.90","18.95","18.60","18.70","-0.3000","7943"
"2881","富邦金","104057000","7273262100","70.40","70.50","68.60","68.80","4.6000","31048"
"2881A","富邦特","1360000","84204700","62.00","62.00","61.80","61.90","-0.1000","262"
"2881B","富邦金乙特","107000","6637800","62.10","62.20","61.90","62.10","0.0000","35"
"2882","國泰金","72027000","3846707100","53.00","54.10","52.60","52.60","0.3000","22966"
"2882A","國泰特","388000","23919700","61.70","61.70","61.60","61.70","0.0000","65"
"2882B","國泰金乙特","23000","1424000","61.90","62.00","61.90","62.00","0.0000","17"
"2883","開發金","162577000","2124007200","13.15","13.30","12.90","13.00","-0.0500","24659"
"2884","玉山金","28730000","766773350","26.90","26.90","26.60","26.60","-0.3500","10135"
"2885","元大金","49705000","1279166800","25.90","26.10","25.50","25.50","-0.5000","12563"
"2886","兆豐金","20526000","668133550","32.50","32.70","32.45","32.45","-0.2000","6433"
"2887","台新金","108067000","1604814950","15.00","15.20","14.65","14.65","0.5500","22326"
"2887E","台新戊特","109000","5756700","52.90","52.90","52.70","52.80","-0.1000","56"
"2887F","台新戊特二","85000","4403100","51.70","51.90","51.70","51.90","0.0000","16"
"2888","新光金","109562000","1109928600","10.15","10.30","10.00","10.00","-0.1000","9753"
"2888A","新光金甲特","55000","2358650","42.85","42.90","42.85","42.85","-0.0500","21"
"2888B","新光金乙特","76000","3173300","41.75","41.80","41.75","41.75","0.0000","35"
"2889","國票金","13013000","229931000","17.75","17.95","17.40","17.40","-0.3000","3981"
"2890","永豐金","36613000","490101300","13.35","13.50","13.30","13.35","0.0500","6095"
"2891","中信金","50750000","1149359250","22.70","22.80","22.50","22.75","-0.0500","10218"
"2891B","中信金乙特","75000","4743900","63.00","63.50","63.00","63.50","0.0000","11"
"2891C","中信金丙特","28000","1712200","61.20","61.30","61.10","61.30","-0.2000","19"
"2892","第一金","37301000","834527650","22.50","22.60","22.10","22.40","-0.5000","10540"
"2897","王道銀行","6379000","47625620","7.56","7.58","7.40","7.40","-0.1600","1092"
"2897A","王道銀甲特","138000","1397550","10.15","10.20","10.10","10.10","-0.0500","26"
"2901","欣欣","65000","2156800","34.05","34.05","32.70","32.75","-1.8000","43"
"2903","遠百","1105000","27294350","25.00","25.00","24.50","24.50","-0.5000","470"
"2904","匯僑","1239000","36813850","30.75","30.75","29.35","29.65","-1.9000","706"
"2905","三商","2683000","61714050","23.50","23.50","22.80","22.80","-0.7000","745"
"2906","高林","2486000","40895800","16.80","16.80","16.05","16.35","-0.4000","564"
"2908","特力","85000","2204600","26.20","26.20","25.80","25.90","-0.2500","51"
"2910","統領","34000","1144950","34.05","34.10","33.40","33.40","-1.8500","27"
"2911","麗嬰房","1406000","12479800","9.16","9.16","8.60","8.77","-0.3900","632"
"2912","統一超","1031000","278975000","270.00","272.00","270.00","271.00","0.0000","776"
"2913","農林","20514000","456741800","23.70","23.70","21.50","22.05","-1.6500","6451"
"2915","潤泰全","3906000","336258700","85.20","87.30","85.20","85.50","0.3000","1877"
"2923","鼎固-KY","72000","2351750","34.00","34.00","32.25","32.75","-0.2500","33"
"2936","客思達-KY","72000","1815600","25.30","25.40","24.75","25.15","-1.0500","54"
"2939","凱羿-KY","95000","3425100","35.60","36.20","35.50","35.50","-0.6000","24"
"3002","歐格","582000","7699850","13.40","13.40","13.15","13.15","-0.3000","253"
"3003","健和興","4742000","352936100","76.00","76.60","72.20","74.20","-1.5000","3001"
"3004","豐達科","399000","23152700","59.80","59.80","56.40","56.50","-3.6000","307"
"3005","神基","2185000","124363900","57.50","58.00","56.20","56.20","-1.3000","1305"
"3006","晶豪科","26886000","4208068500","168.00","170.00","151.50","151.50","-16.5000","15697"
"3008","大立光","509000","1544550000","3135.00","3135.00","3005.00","3015.00","-95.0000","492"
"3010","華立","2145000","177460600","82.50","83.80","82.00","82.20","-0.2000","1467"
"3011","今皓","2160000","20986770","9.99","10.05","9.35","9.47","-0.5200","866"
"3013","晟銘電","1635000","24585100","15.80","15.80","14.60","14.70","-1.0000","730"
"3014","聯陽","5654000","663269000","120.00","120.50","115.50","117.00","-4.0000","3162"
"3015","全漢","4023000","204285800","52.80","52.80","49.65","49.95","-3.8500","2595"
"3016","嘉晶","3677000","280351500","79.00","79.00","74.30","74.40","-4.1000","2405"
"3017","奇鋐","12443000","874227000","70.80","72.20","68.00","68.10","-3.1000","6367"
"3018","同開","371000","6745800","18.80","18.80","18.00","18.05","-0.7500","253"
"3019","亞光","4608000","398523800","89.00","89.20","85.60","85.60","-3.1000","3091"
"3021","鴻名","984000","24135400","25.15","25.30","23.90","23.90","-1.7500","480"
"3022","威強電","1192000","68822100","59.60","59.80","56.80","57.10","-2.5000","754"
"3023","信邦","589000","153446000","258.00","268.00","255.00","257.50","-2.5000","513"
"3024","憶聲","13683000","221141600","16.45","17.45","15.25","16.20","-0.4000","5004"
"3025","星通","2280000","69824100","32.30","32.40","29.70","29.70","-3.2000","1369"
"3026","禾伸堂","2905000","377271000","135.00","135.00","128.00","128.50","-6.0000","2015"
"3027","盛達","4665000","129189550","29.50","29.50","27.00","27.10","-2.6500","1969"
"3028","增你強","1902000","56251550","29.65","29.80","29.35","29.55","-0.0500","926"
"3029","零壹","2317000","111727700","49.10","49.15","47.50","47.55","-1.5000","1445"
"3030","德律","3771000","236453700","65.00","65.80","61.20","61.80","-3.0000","2642"
"3031","佰鴻","2914000","59223000","21.20","21.40","19.80","19.90","-1.3000","1335"
"3032","偉訓","920000","42829150","47.20","47.20","46.05","46.05","-1.5000","512"
"3033","威健","39179000","993572500","25.40","26.20","24.60","25.25","0.7500","14552"
"3034","聯詠","13680000","8150695000","621.00","623.00","582.00","588.00","-36.0000","10760"
"3035","智原","34477000","2452257600","74.60","74.60","68.50","69.80","-4.7000","18842"
"3036","文曄","5095000","275045400","55.50","55.50","53.40","54.00","-0.9000","2782"
"3036A","文曄甲特","355000","16855100","47.55","47.55","47.40","47.40","-0.2000","145"
"3037","欣興","46938000","5303704500","116.50","119.00","108.50","109.50","-5.5000","22040"
"3038","全台","25126000","620958900","26.00","26.30","23.60","23.75","-1.8500","8997"
"3040","遠見","449000","22728600","51.00","51.00","50.30","50.50","-0.2000","306"
"3041","揚智","22431000","730669350","34.90","34.90","31.50","31.50","-3.5000","8949"
"3042","晶技","14461000","1723269500","127.00","127.00","115.00","116.00","-11.5000","7928"
"3043","科風","303000","1447970","4.91","4.91","4.69","4.70","-0.2700","92"
"3044","健鼎","1581000","217285000","138.50","139.50","136.50","136.50","-2.5000","1049"
"3045","台灣大","2879000","286909700","100.00","100.50","99.30","99.80","-0.2000","1481"
"3046","建碁","1708000","51077100","32.05","32.05","29.30","29.30","-3.2500","1036"
"3047","訊舟","3653000","50483050","14.35","14.45","13.50","13.60","-0.7500","1321"
"3048","益登","3956000","145982550","37.65","37.80","36.35","36.40","-1.2000","2073"
"3049","和鑫","19492000","268635200","14.40","14.40","13.50","13.55","-1.0000","5829"
"3050","鈺德","1987000","33921100","17.65","17.65","16.65","16.70","-0.9500","902"
"3051","力特","1324000","12689170","9.99","9.99","9.45","9.59","-0.2000","340"
"3052","夆典","2722000","38678300","14.65","14.65","13.85","13.90","-0.7500","1095"
"3054","立萬利","76000","1689650","22.90","22.90","22.00","22.30","-0.5000","45"
"3055","蔚華科","287000","9179450","32.55","32.60","31.55","31.60","-0.9000","169"
"3056","總太","1847000","74265550","40.70","40.70","40.00","40.15","-0.6000","737"
"3057","喬鼎","2252000","39950550","17.65","18.40","17.30","17.80","-0.1500","1013"
"3058","立德","8376000","156707450","19.95","19.95","18.10","18.10","-1.8000","3107"
"3059","華晶科","12348000","488338250","41.90","42.00","38.20","38.40","-3.9500","6451"
"3060","銘異","4915000","168009600","33.80","35.20","32.80","32.80","-1.0000","1809"
"3062","建漢","6225000","120431850","20.10","20.25","18.90","19.00","-1.3000","2403"
"3090","日電貿","4127000","244441100","61.20","61.20","58.40","58.60","-2.6000","2472"
"3094","聯傑","3480000","129880550","39.30","39.50","36.00","36.45","-3.0500","2084"
"3130","一零四","14000","2317500","168.00","168.00","165.00","165.00","-4.0000","14"
"3138","耀登","649000","134905500","214.50","214.50","204.00","204.00","-1.0000","516"
"3149","正達","5524000","215052550","40.50","40.50","37.80","37.80","-2.7000","2809"
"3164","景岳","181000","4404100","24.05","24.50","24.05","24.15","0.1000","119"
"3167","大量","367000","25551300","70.40","71.80","68.00","68.10","-2.3000","285"
"3189","景碩","10375000","1052533200","104.50","105.50","99.90","102.00","-3.5000","5464"
"3209","全科","2389000","69048350","29.45","29.45","28.50","28.55","-0.8500","1090"
"3229","晟鈦","234000","1793220","7.54","7.90","7.16","7.20","-0.3400","56"
"3231","緯創","28272000","899318150","32.35","32.35","31.60","31.65","-1.0500","11450"
"3257","虹冠電","794000","65035900","83.50","83.50","81.20","81.30","-2.2000","553"
"3266","昇陽","120000","1611750","13.50","13.55","13.30","13.55","-0.0500","65"
"3296","勝德","425000","9826400","23.65","23.65","22.90","23.05","-0.7500","191"
"3305","昇貿","3883000","188114750","49.95","50.50","45.80","46.10","-3.0000","2373"
"3308","聯德","830000","8679900","11.50","11.50","10.35","10.40","-1.1000","393"
"3311","閎暉","697000","27846450","41.40","41.50","38.80","39.20","-3.0000","411"
"3312","弘憶股","5676000","131461000","24.75","24.75","22.60","22.60","-2.2500","2529"
"3321","同泰","2751000","40468350","15.00","15.25","14.25","14.50","-1.0000","1113"
"3338","泰碩","768000","45432600","61.10","61.10","58.50","58.50","-2.6000","576"
"3346","麗清","2519000","131290800","55.00","55.00","51.00","51.10","-3.5000","1497"
"3356","奇偶","2164000","68405000","33.30","33.30","30.50","30.75","-2.6500","1232"
"3376","新日興","2454000","284360000","121.00","121.50","114.00","115.50","-5.0000","1706"
"3380","明泰","8844000","310061200","34.80","35.80","34.10","34.40","-0.6000","4513"
"3383","新世紀","372000","2094360","5.63","5.63","5.63","5.63","0.5100","92"
"3406","玉晶光","4811000","2522999000","547.00","548.00","510.00","510.00","-40.0000","3980"
"3413","京鼎","2939000","671317500","239.50","239.50","223.00","225.00","-14.5000","2368"
"3416","融程電","380000","30001800","79.50","79.60","78.50","78.90","-0.8000","152"
"3419","譁裕","3280000","73798650","23.55","23.55","21.65","21.65","-1.9000","1436"
"3432","台端","415000","6053700","15.20","15.20","14.30","14.55","-0.6500","181"
"3437","榮創","5734000","189021450","35.15","35.15","31.85","32.20","-2.9500","3076"
"3443","創意","2554000","1005077000","403.50","405.00","387.00","387.00","-15.5000","2137"
"3450","聯鈞","1465000","90819900","63.20","63.20","61.20","61.20","-2.5000","991"
"3454","晶睿","272000","21879500","82.50","82.50","79.60","79.70","-3.4000","216"
"3481","群創","620176000","17284399550","28.35","28.95","27.10","27.10","-3.0000","161534"
"3494","誠研","1059000","5204290","5.01","5.05","4.80","4.80","-0.2100","291"
"3501","維熹","474000","25448800","54.60","54.60","53.20","53.60","-1.0000","321"
"3504","揚明光","1522000","124016600","84.00","84.80","79.70","79.70","-5.5000","1017"
"3515","華擎","6100000","1075889500","177.50","183.50","168.00","169.00","-1.5000","4442"
"3518","柏騰","353000","10361100","30.05","30.25","29.00","29.00","-1.3000","213"
"3528","安馳","102000","4755500","47.20","47.20","46.40","46.55","-0.6500","65"
"3530","晶相光","6446000","793453500","133.00","133.00","121.00","121.00","-13.0000","3971"
"3532","台勝科","4048000","760330000","192.50","196.00","180.50","183.00","-9.0000","3078"
"3533","嘉澤","1344000","730636000","546.00","557.00","530.00","536.00","-7.0000","1224"
"3535","晶彩科","1101000","20901850","19.45","19.45","18.80","18.80","-0.6500","538"
"3536","誠創","1248000","14664000","11.75","11.75","11.75","11.75","1.0500","274"
"3543","州巧","321000","9397100","29.80","29.80","29.00","29.15","-0.6500","124"
"3545","敦泰","28591000","5404929500","200.00","202.00","179.50","179.50","-19.5000","17543"
"3550","聯穎","2990000","61799050","21.85","22.00","20.15","20.15","-1.6000","1193"
"3557","嘉威","392000","33725000","87.20","88.00","85.10","85.50","-2.3000","272"
"3563","牧德","272000","75529000","281.50","282.50","275.00","275.00","-6.5000","254"
"3576","聯合再生","36709000","528654750","14.35","14.70","14.00","14.00","-0.2500","10198"
"3583","辛耘","1348000","93831300","71.30","71.40","67.70","67.80","-3.3000","918"
"3588","通嘉","1732000","136499000","82.80","82.80","76.30","76.30","-6.3000","1151"
"3591","艾笛森","1327000","27684100","21.85","21.85","20.50","20.50","-1.2500","560"
"3593","力銘","270000","4552550","17.75","17.75","16.60","16.65","-1.1000","137"
"3596","智易","3324000","365084000","113.00","113.00","108.00","108.00","-5.0000","1807"
"3605","宏致","3522000","152489100","44.95","44.95","42.10","42.15","-2.8000","1744"
"3607","谷崧","3141000","55507350","18.65","18.65","17.20","17.35","-1.3000","1476"
"3617","碩天","100000","8599500","87.00","87.00","85.60","85.60","-1.4000","82"
"3622","洋華","3846000","151504900","42.00","42.00","37.80","38.30","-3.7000","2278"
"3645","達邁","1131000","62091200","56.90","56.90","53.50","53.60","-2.9000","740"
"3653","健策","1608000","401899500","256.50","257.00","245.00","245.00","-11.5000","1269"
"3661","世芯-KY","812000","372653000","488.00","488.00","447.50","447.50","-49.5000","618"
"3665","貿聯-KY","737000","192263000","260.50","265.50","258.00","258.00","-3.0000","592"
"3669","圓展","1748000","152016500","89.20","89.60","84.30","85.50","-3.5000","1233"
"3673","TPK-KY","22667000","1242855000","54.00","57.50","52.50","54.30","0.1000","10305"
"3679","新至陞","1349000","200899000","151.50","154.00","145.00","145.50","1.0000","1082"
"3682","亞太電","12403000","122472710","10.05","10.05","9.76","9.76","-0.2900","3254"
"3686","達能","1944000","34645200","18.10","18.35","17.25","17.25","-0.8000","948"
"3694","海華","1750000","52335400","31.00","31.25","29.40","29.50","-1.7500","970"
"3701","大眾控","12000","177450","14.85","14.85","14.70","14.85","-0.0500","7"
"3702","大聯大","4874000","247731300","51.50","51.90","50.20","50.30","-1.2000","2402"
"3702A","大聯大甲特","266000","13339000","50.20","50.20","50.00","50.10","-0.1000","72"
"3703","欣陸","5169000","147172700","28.80","29.45","27.85","27.85","-1.0500","2489"
"3704","合勤控","11589000","425409950","38.20","38.30","35.80","35.85","-2.5500","5759"
"3705","永信","945000","42900350","44.90","45.70","44.90","45.30","0.5000","537"
"3706","神達","10347000","310893200","30.60","30.75","29.75","29.75","-0.8500","4226"
"3708","上緯投控","1830000","261153500","143.50","147.00","138.50","138.50","-4.5000","1314"
"3711","日月光投控","27703000","3144894000","117.00","118.00","111.50","112.50","-5.5000","12005"
"3712","永崴投控","1949000","59235150","31.70","31.70","29.80","29.90","-1.8000","946"
"3714","富采","11603000","915363200","81.00","81.10","77.50","77.90","-2.9000","6193"
"4104","佳醫","567000","33425600","59.00","59.50","58.60","58.60","-0.4000","335"
"4106","雃博","1255000","43674000","34.80","34.80","34.80","34.80","3.1500","578"
"4108","懷特","1314000","36198800","27.40","27.85","27.25","27.30","0.1000","729"
"4119","旭富","618000","56125200","90.70","92.10","90.20","90.20","-0.3000","460"
"4133","亞諾法","3277000","177093800","54.50","55.30","52.60","52.60","0.6000","2153"
"4137","麗豐-KY","422000","86384000","209.50","209.50","202.00","202.00","-8.5000","357"
"4141","龍燈-KY","572000","8192700","14.00","14.80","13.85","14.50","0.7500","299"
"4142","國光生","17524000","976973000","55.00","57.40","54.40","54.40","1.0000","9445"
"4148","全宇生技-KY","70000","2657800","37.85","38.80","37.60","38.80","0.3000","34"
"4155","訊映","270000","7138450","26.60","26.75","26.20","26.20","-0.4000","163"
"4164","承業醫","642000","24495650","38.70","39.00","37.60","37.70","-1.0000","386"
"4190","佐登-KY","277000","25481100","94.80","94.80","90.10","90.10","-4.2000","209"
"4306","炎洲","10028000","187643400","19.00","19.05","18.50","18.70","-0.3500","3417"
"4414","如興","83406000","957536150","11.15","11.75","10.90","11.30","0.2000","8195"
"4426","利勤","608000","16738650","28.20","28.20","27.25","27.35","-0.5000","344"
"4438","廣越","237000","30618000","131.00","132.00","127.00","128.00","-3.0000","172"
"4439","冠星-KY","56000","8937500","162.00","162.00","157.00","157.50","-5.5000","50"
"4526","東台","1086000","20284950","18.80","19.10","18.30","18.35","-0.4500","485"
"4532","瑞智","4348000","102553450","24.60","24.60","23.20","23.35","-1.3500","1797"
"4536","拓凱","463000","81327000","174.50","178.00","173.00","175.50","-0.5000","334"
"4540","全球傳動","1054000","62320600","60.70","60.70","58.50","58.80","-1.9000","622"
"4545","銘鈺","1507000","52254000","36.75","37.40","33.10","33.10","-3.6500","875"
"4551","智伸科","502000","87828000","178.50","178.50","173.00","173.00","-5.5000","408"
"4552","力達-KY","214000","7352500","34.70","34.70","34.00","34.40","-0.4000","124"
"4555","氣立","288000","15160800","54.40","54.70","52.00","52.00","-2.6000","229"
"4557","永新-KY","24000","1573200","66.20","66.30","65.20","65.30","-1.0000","22"
"4560","強信-KY","188000","8391400","44.90","45.10","44.10","44.30","-0.9500","90"
"4562","穎漢","104000","2522750","25.40","25.45","23.50","23.85","-1.1500","92"
"4564","元翎","27232000","1403269950","52.00","54.00","49.30","50.30","0.2000","13542"
"4566","時碩工業","505000","27353600","55.80","56.00","52.50","52.90","-3.8000","335"
"4571","鈞興-KY","175000","24252500","142.00","143.00","136.00","136.00","-7.0000","131"
"4572","駐龍","95000","8756100","93.70","94.70","91.30","91.30","-2.4000","74"
"4576","大銀微系統","703000","93901500","140.00","140.00","130.00","133.00","-8.5000","613"
"4581","光隆精密-KY","52000","2004550","39.10","39.15","38.25","38.25","-0.8000","38"
"4720","德淵","1434000","25877600","18.40","18.60","17.65","17.70","-0.6500","738"
"4722","國精化","1307000","49303300","38.20","38.60","36.90","36.90","-1.3500","448"
"4737","華廣","376000","30755500","81.00","83.30","80.40","80.70","0.4000","288"
"4739","康普","2600000","220628300","87.50","88.10","81.90","82.00","-4.9000","1648"
"4746","台耀","5579000","334047800","58.50","61.50","58.50","58.80","1.0000","3382"
"4755","三福化","127000","8715800","69.10","69.40","68.10","68.20","-0.6000","98"
"4763","材料-KY","160000","21069500","132.50","133.00","130.50","131.00","-2.0000","137"
"4764","雙鍵","7000","436200","62.00","62.90","62.00","62.50","-0.5000","7"
"4766","南寶","101000","15972000","160.50","160.50","157.00","157.00","-3.5000","89"
"4807","日成-KY","46000","1102550","24.30","24.30","23.70","24.15","-0.5500","34"
"4904","遠傳","4220000","271951500","64.80","65.10","64.10","64.40","-0.7000","1921"
"4906","正文","7417000","248845350","34.55","34.55","33.05","33.10","-1.4500","3180"
"4912","聯德控股-KY","2748000","560349500","218.00","218.00","196.50","196.50","-21.5000","1713"
"4915","致伸","2498000","151688400","61.30","61.60","59.90","59.90","-1.0000","1652"
"4916","事欣科","685000","16567500","25.00","25.00","23.85","23.90","-1.1000","435"
"4919","新唐","13211000","891386700","69.20","69.40","66.00","67.00","-2.0000","6381"
"4927","泰鼎-KY","1688000","111108800","66.80","66.80","65.20","65.20","-1.6000","1124"
"4930","燦星網","1179000","32143600","28.05","28.05","26.80","26.95","-1.1000","654"
"4934","太極","5128000","152719600","30.20","30.25","29.00","29.40","-0.5000","2512"
"4935","茂林-KY","3684000","401109500","109.00","111.50","106.50","107.00","0.5000","2130"
"4938","和碩","18400000","1334946400","73.60","73.80","72.20","72.20","-1.4000","10157"
"4942","嘉彰","1266000","58157450","46.65","46.75","45.45","45.60","-0.9000","807"
"4943","康控-KY","1637000","101488000","65.30","65.50","60.40","60.40","-5.6000","1152"
"4952","凌通","1773000","97387300","56.90","56.90","54.00","54.20","-2.7000","1095"
"4956","光鋐","3021000","76741650","26.50","26.55","24.90","24.95","-1.1500","1449"
"4958","臻鼎-KY","13879000","1401753900","106.00","106.00","99.30","99.30","-6.7000","7757"
"4960","誠美材","25208000","341802800","14.05","14.10","13.25","13.35","-0.9000","6104"
"4961","天鈺","18907000","5918705500","329.00","329.00","303.00","306.50","-23.5000","13785"
"4967","十銓","31964000","2182459700","69.00","70.80","62.50","62.50","-6.3000","17373"
"4968","立積","2279000","1119383000","490.00","498.50","490.00","490.00","-54.0000","1643"
"4976","佳凌","6017000","474915200","83.50","83.50","76.10","76.10","-7.9000","3914"
"4977","眾達-KY","778000","85828500","113.00","113.00","108.00","108.00","-5.5000","538"
"4989","榮科","5174000","213892400","44.90","44.90","40.45","40.45","-4.4500","2380"
"4994","傳奇","151000","11345200","76.10","76.70","74.30","74.50","-3.1000","109"
"4999","鑫禾","835000","47074300","57.70","57.70","55.60","55.70","-2.0000","535"
"5007","三星","192000","12149200","63.60","64.00","62.60","63.30","-0.3000","115"
"5203","訊連","481000","41478300","89.60","89.60","85.00","85.60","-4.1000","321"
"5215","科嘉-KY","992000","124653000","129.50","130.00","123.50","124.00","-5.5000","767"
"5225","東科-KY","97000","1951700","20.40","20.40","20.00","20.05","-0.3500","76"
"5234","達興材料","220000","20365300","93.50","93.70","91.50","91.80","-2.5000","184"
"5243","乙盛-KY","3570000","227053700","66.30","66.30","62.40","62.60","-3.9000","2296"
"5258","虹堡","1647000","43731750","26.40","27.00","26.30","26.40","0.3500","566"
"5269","祥碩","792000","908980000","1195.00","1210.00","1110.00","1115.00","-65.0000","735"
"5283","禾聯碩","262000","32858000","128.00","128.00","124.50","125.00","-3.0000","218"
"5284","jpp-KY","105000","4657750","46.15","46.15","44.00","44.10","-2.2500","73"
"5285","界霖","2213000","172717600","81.00","81.00","76.20","76.20","-5.0000","1402"
"5288","豐祥-KY","742000","119073500","156.50","164.00","156.50","158.50","3.5000","463"
"5388","中磊","1396000","101419000","74.10","74.10","71.80","71.80","-2.3000","943"
"5434","崇越","1234000","166129500","136.00","136.50","133.50","133.50","-3.0000","731"
"5469","瀚宇博","7461000","361414400","49.65","49.85","47.80","47.90","-1.8000","3123"
"5471","松翰","9866000","1027140000","110.00","110.00","102.00","102.00","-8.0000","6479"
"5484","慧友","440000","6555350","15.20","15.20","14.60","14.65","-0.4500","172"
"5515","建國","1608000","23556350","14.90","14.90","14.40","14.45","-0.4500","682"
"5519","隆大","4084000","98453950","24.45","24.45","23.80","23.95","-0.4500","2091"
"5521","工信","6553000","74927250","11.65","11.75","11.25","11.30","-0.3500","1452"
"5522","遠雄","706000","40384500","57.70","58.00","56.70","56.70","-1.0000","411"
"5525","順天","197000","4892200","25.20","25.20","24.65","24.75","-0.4500","121"
"5531","鄉林","7037000","104010750","15.30","15.40","14.55","14.60","-0.7000","2333"
"5533","皇鼎","194000","3302600","17.00","17.10","17.00","17.05","0.0500","70"
"5534","長虹","414000","34056600","82.70","82.80","82.00","82.20","-0.8000","315"
"5538","東明-KY","41000","1744300","42.25","43.05","41.95","42.20","-0.9000","29"
"5546","永固-KY","319000","25097900","79.20","79.50","78.20","78.80","-0.8000","120"
"5607","遠雄港","1328000","42910900","32.65","33.00","31.80","31.80","-0.8000","710"
"5608","四維航","9863000","297565550","29.90","31.10","29.00","29.00","0.0000","3001"
"5706","鳳凰","647000","23664700","37.80","37.80","36.05","36.10","-1.9500","388"
"5871","中租-KY","2374000","471980500","199.50","201.50","197.00","197.50","-4.5000","1426"
"5871A","中租-KY甲特","185000","18464700","99.80","99.90","99.80","99.80","0.0000","89"
"5876","上海商銀","4546000","196611200","43.00","43.55","42.70","42.80","-0.6500","1968"
"5880","合庫金","14655000","312470300","21.35","21.40","21.25","21.25","-0.1500","4386"
"5906","台南-KY","24000","1086150","45.00","45.80","44.60","45.75","0.0500","17"
"5907","大洋-KY","790000","18414000","23.65","23.65","23.05","23.05","-0.6000","419"
"6005","群益證","30816000","589669600","19.30","19.60","18.80","18.95","-0.3500","7627"
"6024","群益期","911000","40002350","44.05","44.20","43.45","43.90","-0.3500","433"
"6108","競國","881000","19072950","22.10","22.10","21.55","21.60","-0.5500","346"
"6112","聚碩","539000","22991150","43.15","43.15","42.30","42.30","-0.8500","414"
"6115","鎰勝","377000","17145050","46.20","46.20","45.25","45.40","-0.8000","298"
"6116","彩晶","108730000","2887026550","27.00","27.00","26.25","26.25","-2.9000","48598"
"6117","迎廣","90000","1707400","18.80","19.35","18.75","18.95","-0.2500","55"
"6120","達運","7540000","121591300","16.85","16.85","15.60","15.85","-1.2000","2628"
"6128","上福","282000","7306200","26.45","26.50","24.60","25.75","-0.7000","199"
"6133","金橋","681000","7891450","11.95","11.95","11.10","11.15","-0.8000","228"
"6136","富爾特","339000","6304500","18.75","18.80","18.50","18.55","-0.2500","178"
"6139","亞翔","2013000","67506550","34.15","34.30","32.65","32.80","-1.2500","1123"
"6141","柏承","2446000","80095950","34.00","34.05","32.05","32.05","-2.3000","1206"
"6142","友勁","2679000","37371350","14.45","14.45","13.80","13.80","-0.7000","1065"
"6152","百一","3068000","38545100","12.80","13.00","11.90","12.70","0.0500","1182"
"6153","嘉聯益","15806000","526250700","34.60","35.00","32.20","32.45","-2.4500","7619"
"6155","鈞寶","2073000","59106450","29.95","30.10","27.50","27.90","-2.1500","1267"
"6164","華興","3814000","50054450","13.55","13.65","12.70","12.75","-0.5000","1281"
"6165","浪凡","690000","27075550","40.00","40.05","38.75","38.90","-1.0000","362"
"6166","凌華","600000","37552100","64.80","64.80","61.20","61.20","-3.9000","407"
"6168","宏齊","3577000","78872650","23.00","23.00","21.30","21.85","-1.1500","1514"
"6172","互億","49000","1672900","34.55","35.25","34.05","34.05","-0.1500","15"
"6176","瑞儀","8472000","1105209500","130.00","132.00","129.00","130.50","2.0000","4855"
"6177","達麗","820000","25205550","31.00","31.05","30.55","30.55","-0.4500","410"
"6183","關貿","217000","10853300","50.40","50.60","49.55","49.55","-0.8500","152"
"6184","大豐電","178000","8062850","45.50","45.65","45.10","45.35","-0.3000","106"
"6189","豐藝","1265000","53211100","42.05","42.50","41.80","41.85","0.4500","735"
"6191","精成科","15713000","549378000","35.10","36.00","34.10","35.30","-0.1000","6477"
"6192","巨路","277000","19934500","73.60","73.60","71.30","71.70","-1.9000","192"
"6196","帆宣","1741000","202130500","120.50","120.50","112.00","112.50","-6.5000","1205"
"6197","佳必琪","1354000","54262900","41.20","41.20","39.35","39.60","-1.6000","757"
"6201","亞弘電","390000","19435150","51.00","51.00","49.25","49.30","-1.7000","281"
"6202","盛群","5169000","513381600","102.50","103.00","97.60","98.90","-3.6000","3607"
"6205","詮欣","461000","18351650","40.90","41.00","39.50","39.50","-1.7000","282"
"6206","飛捷","426000","28413400","67.00","67.30","66.30","66.40","-0.9000","270"
"6209","今國光","2649000","99552400","38.75","38.80","36.50","36.75","-2.3500","1625"
"6213","聯茂","4729000","664738000","146.00","146.00","138.00","138.00","-9.5000","2912"
"6214","精誠","523000","47605100","91.70","91.70","90.30","90.90","-0.8000","402"
"6215","和椿","814000","18360050","23.25","23.30","22.10","22.30","-0.9500","408"
"6216","居易","297000","7694050","26.10","26.10","25.75","25.80","-0.4000","178"
"6224","聚鼎","2466000","302869000","129.00","129.00","119.00","121.00","-7.0000","1765"
"6225","天瀚","48000","224770","4.69","4.69","4.60","4.60","-0.1000","19"
"6226","光鼎","3342000","34362500","10.80","10.80","10.00","10.05","-0.6500","1120"
"6230","尼得科超眾","207000","44351000","217.00","218.50","212.00","213.50","-4.0000","119"
"6235","華孚","2751000","58523650","21.95","22.00","20.90","21.00","-0.9000","1049"
"6239","力成","5941000","637013500","110.50","111.50","105.00","106.00","-5.5000","3430"
"6243","迅杰","2306000","40946750","18.60","18.60","17.20","17.25","-1.5500","1059"
"6251","定穎","14623000","313043250","22.50","22.50","20.80","20.90","-1.6500","5200"
"6257","矽格","10485000","556751600","54.10","54.20","52.40","52.40","-2.2000","5203"
"6269","台郡","5691000","659177000","119.00","119.00","114.50","114.50","-4.5000","3860"
"6271","同欣電","3607000","676100500","192.50","193.50","184.00","186.00","-7.0000","2691"
"6277","宏正","213000","18782200","88.60","89.10","87.80","87.80","-0.7000","177"
"6278","台表科","6145000","690547000","115.00","115.00","110.50","110.50","-5.5000","3702"
"6281","全國電","70000","5871500","84.30","84.30","83.60","84.00","-0.5000","59"
"6282","康舒","5338000","153580550","29.35","29.40","28.45","28.50","-0.9500","2870"
"6283","淳安","3109000","168849300","57.40","57.40","52.60","52.80","-4.7000","1762"
"6285","啟碁","2552000","186281200","74.40","74.60","72.10","72.20","-2.2000","1708"
"6288","聯嘉","3246000","103857850","32.25","32.40","31.80","32.00","-0.4500","1413"
"6289","華上","22000","78900","3.60","3.60","3.57","3.57","-0.0300","11"
"6405","悅城","353000","10039250","28.90","29.35","27.90","28.40","-0.4000","194"
"6409","旭隼","124000","158215000","1275.00","1290.00","1255.00","1275.00","0.0000","119"
"6412","群電","641000","47317500","74.40","74.90","73.50","73.60","-0.8000","405"
"6414","樺漢","776000","175809000","232.50","232.50","222.50","222.50","-10.0000","636"
"6415","矽力-KY","475000","1429455000","3000.00","3070.00","2915.00","3030.00","105.0000","445"
"6416","瑞祺電通","3488000","568577500","170.50","172.50","157.50","159.50","-11.5000","2499"
"6426","統新","159000","15526100","100.00","100.00","97.00","97.00","-3.0000","144"
"6431","光麗-KY","136000","4547500","34.90","34.90","33.05","33.50","-0.8000","64"
"6438","迅得","1662000","179051500","111.00","111.50","104.50","106.00","-6.5000","1167"
"6442","光聖","27000","961850","35.75","35.75","35.60","35.65","-0.1000","14"
"6443","元晶","73438000","3173075950","43.95","44.25","41.65","41.65","0.9500","34240"
"6449","鈺邦","1243000","88225000","71.30","73.00","69.10","71.00","-0.3000","813"
"6451","訊芯-KY","822000","87062500","110.00","110.00","103.00","103.50","-7.5000","665"
"6456","GIS-KY","2668000","325266000","123.00","124.50","120.50","121.00","-2.5000","1849"
"6464","台數科","30000","3333500","112.00","112.00","110.50","111.50","-0.5000","22"
"6477","安集","2998000","190439400","63.70","65.00","61.20","61.20","-1.8000","1866"
"6491","晶碩","847000","389293500","456.50","476.50","447.50","454.50","-1.5000","759"
"6504","南六","817000","142692000","173.50","179.00","171.00","171.00","1.0000","652"
"6505","台塑化","2784000","285200000","102.50","103.50","102.00","102.00","-1.5000","1492"
"6515","穎崴","224000","79679000","370.50","370.50","350.50","351.50","-18.5000","181"
"6525","捷敏-KY","553000","43414400","80.20","80.40","77.80","78.20","-2.0000","371"
"6531","愛普","4292000","3115579000","770.00","773.00","699.00","699.00","-77.0000","3747"
"6533","晶心科","2916000","1350878000","495.00","495.50","449.50","449.50","-49.5000","2455"
"6541","泰福-KY","1121000","73034100","67.20","67.20","64.10","64.10","-2.6000","823"
"6552","易華電","719000","43196600","62.30","62.40","58.20","58.20","-4.5000","473"
"6558","興能高","1053000","46381650","45.80","45.80","42.85","43.25","-2.8500","680"
"6573","虹揚-KY","507000","10699250","21.70","21.70","20.60","20.85","-0.8500","262"
"6579","研揚","49000","3467900","71.50","71.60","70.00","70.90","-0.4000","38"
"6581","鋼聯","159000","12031000","76.20","77.10","74.20","74.60","-1.6000","128"
"6582","申豐","2188000","674666500","305.00","320.00","295.00","299.50","-8.5000","1824"
"6591","動力-KY","811000","55804200","70.60","70.80","66.90","67.10","-3.2000","513"
"6592","和潤企業","3189000","267129000","85.20","85.50","82.50","83.30","-2.1000","1176"
"6598","ABC-KY","1171000","59997150","51.80","52.80","48.30","48.30","-1.6000","843"
"6605","帝寶","823000","53301500","64.70","65.80","64.00","64.00","-0.7000","498"
"6625","必應","30000","966250","32.80","32.80","31.25","31.25","-1.5500","25"
"6641","基士德-KY","67000","4862700","73.30","73.50","71.70","72.50","-0.5000","55"
"6655","科定","239000","17320100","71.50","73.80","70.80","72.50","2.5000","165"
"6666","羅麗芬-KY","16000","1451800","92.30","92.30","89.80","89.80","-1.6000","16"
"6668","中揚光","1692000","130321400","81.50","82.20","74.00","75.00","-6.5000","1215"
"6669","緯穎","1148000","1041590000","918.00","928.00","871.00","906.00","-8.0000","1064"
"6670","復盛應用","500000","112397000","232.50","233.00","222.00","222.00","-9.5000","431"
"6671","三能-KY","39000","1906200","48.95","49.10","48.70","48.70","-0.3000","30"
"6672","騰輝電子-KY","1957000","179664600","94.10","94.90","90.30","90.60","-3.4000","1129"
"6674","鋐寶科技","554000","21124450","36.50","39.95","34.75","38.65","2.0000","391"
"6698","旭暉應材","643000","28968450","47.00","47.00","43.75","43.95","-3.3000","414"
"6706","惠特","2182000","382277000","184.00","184.00","171.50","172.50","-11.5000","1713"
"6715","嘉基","104000","11869000","119.00","119.00","111.00","115.00","-1.5000","83"
"6743","安普新","1249000","165711500","140.00","140.00","130.00","130.00","-10.0000","923"
"6754","匯僑設計","125000","6019850","48.10","48.40","47.40","47.70","-0.6500","89"
"6756","威鋒電子","1084000","317824500","297.50","298.50","288.00","290.50","3.5000","925"
"6768","志強-KY","1008000","71908400","74.00","74.00","69.50","70.00","-4.4000","641"
"6776","展碁國際","526000","22812100","45.15","45.15","42.05","42.05","-3.1000","405"
"6781","AES-KY","478000","276818000","586.00","598.00","563.00","571.00","-24.0000","420"
"8011","台通","3577000","73806300","21.75","21.75","19.90","20.10","-1.7000","1592"
"8016","矽創","6957000","2154845500","312.00","323.50","299.00","311.50","-3.0000","5260"
"8021","尖點","4300000","172635300","41.15","41.60","39.05","39.50","-1.6500","2294"
"8028","昇陽半導體","1114000","55704350","51.50","51.50","49.50","49.50","-2.0000","771"
"8033","雷虎","3131000","53802750","18.00","18.00","16.80","16.85","-1.1500","1482"
"8039","台虹","4606000","252043300","58.00","58.00","53.20","53.20","-4.8000","2573"
"8046","南電","6803000","2071205000","318.50","318.50","298.50","298.50","-20.0000","5303"
"8070","長華*","6543000","253592350","39.85","39.90","37.80","37.90","-1.9000","3847"
"8072","陞泰","212000","6508300","31.15","31.30","30.20","30.20","-0.4500","130"
"8081","致新","1259000","257315000","212.00","213.00","201.00","201.50","-9.5000","978"
"8101","華冠","289000","897170","3.21","3.21","3.10","3.11","-0.1000","62"
"8103","瀚荃","4139000","189519900","45.85","47.45","44.05","44.75","-1.1000","2465"
"8104","錸寶","1243000","70852500","59.80","60.10","55.00","55.70","-4.1000","844"
"8105","凌巨","8783000","145401200","17.40","17.40","16.20","16.20","-1.2000","2670"
"8110","華東","12170000","212607850","18.45","18.45","17.00","17.00","-1.6000","4242"
"8112","至上","5997000","251117400","42.00","42.35","41.40","41.80","-0.2000","2941"
"8114","振樺電","141000","10916300","78.00","78.30","77.10","77.10","-1.2000","95"
"8131","福懋科","931000","39935650","43.60","43.60","42.45","42.45","-1.2500","537"
"8150","南茂","11093000","524437600","47.90","48.60","46.10","46.30","-1.4000","5921"
"8163","達方","3600000","179420200","50.80","50.80","49.40","49.40","-1.8000","2230"
"8201","無敵","213000","2512650","12.15","12.15","11.55","11.55","-0.4500","97"
"8210","勤誠","361000","30801100","86.10","86.30","84.40","84.50","-1.6000","291"
"8213","志超","5393000","276243800","52.20","52.20","50.60","50.80","-1.6000","2743"
"8215","明基材","5402000","166438750","31.95","31.95","30.05","30.05","-2.4000","3057"
"8222","寶一","621000","8829650","14.65","14.70","13.90","14.20","-0.5500","370"
"8249","菱光","1352000","32819450","25.20","25.20","23.85","23.90","-1.0000","650"
"8261","富鼎","3134000","246484300","81.10","81.10","77.40","77.40","-3.7000","1708"
"8271","宇瞻","10608000","602868900","58.00","58.50","54.50","54.60","-1.8000","6279"
"8341","日友","247000","56390000","229.00","230.50","226.50","227.00","-2.5000","229"
"8367","建新國際","1879000","77635850","40.70","42.80","39.50","39.50","-0.6000","1149"
"8374","羅昇","602000","16789450","27.70","28.30","27.55","27.85","0.7500","348"
"8404","百和興業-KY","1991000","97000600","48.70","50.20","47.40","47.65","-0.9500","1058"
"8411","福貞-KY","996000","16200700","17.10","17.10","15.90","15.90","-1.7000","379"
"8422","可寧衛","336000","58852500","176.50","176.50","174.50","174.50","-2.0000","282"
"8427","基勝-KY","9000","478600","54.00","54.00","53.00","53.00","-0.7000","5"
"8429","金麗-KY","1300000","13429900","10.45","10.60","10.10","10.20","-0.2500","622"
"8442","威宏-KY","60000","2344300","39.50","39.85","38.40","38.40","-1.2000","56"
"8443","阿瘦","251000","3242350","13.40","13.40","12.65","12.95","-0.4500","142"
"8454","富邦媒","87000","87524000","1025.00","1030.00","993.00","1000.00","-30.0000","86"
"8462","柏文","342000","53244500","160.50","160.50","154.00","154.00","-7.5000","296"
"8463","潤泰材","143000","5446900","37.90","39.00","37.75","37.75","-0.4000","93"
"8464","億豐","399000","180594500","450.00","468.00","445.00","445.00","-7.0000","321"
"8466","美吉吉-KY","40000","2551400","63.80","64.00","63.50","64.00","-0.4000","24"
"8467","波力-KY","18000","799300","45.20","45.20","44.00","44.80","-0.4000","14"
"8473","山林水","170000","6958200","41.45","41.70","40.55","40.70","-0.3500","125"
"8478","東哥遊艇","114000","6240200","55.10","56.30","53.70","54.90","-0.3000","92"
"8480","泰昇-KY","47000","5361500","116.00","116.00","113.00","115.00","-1.5000","34"
"8481","政伸","37000","3180300","86.20","86.30","85.50","85.50","-0.7000","34"
"8482","商億-KY","194000","15386800","79.50","79.90","78.70","79.60","0.1000","69"
"8488","吉源-KY","27000","458200","17.00","17.05","16.90","16.90","-0.5000","21"
"8499","鼎炫-KY","378000","57011000","155.00","155.00","148.00","149.50","-5.5000","291"
"8926","台汽電","3144000","126579650","40.10","40.85","39.80","40.15","0.2000","1693"
"8940","新天地","271000","3390800","12.60","12.70","12.45","12.45","-0.3500","98"
"8996","高力","540000","28082400","53.00","53.00","51.60","51.60","-1.4000","396"
"9103","美德醫療-DR","6788000","157634500","22.80","23.35","22.75","23.35","2.1000","2101"
"910322","康師傅-DR","37000","928150","25.20","25.20","24.85","25.15","-0.2500","23"
"9105","泰金寶-DR","7155000","36767440","5.20","5.20","5.08","5.18","-0.1400","1201"
"910861","神州-DR","287000","2956850","10.25","10.40","10.20","10.40","-0.2500","54"
"9110","越南控-DR","351000","1129340","3.20","3.30","3.16","3.16","-0.0400","124"
"911608","明輝-DR","699000","3126570","4.61","4.72","4.34","4.39","-0.2200","158"
"911616","杜康-DR","546000","1056070","1.95","1.99","1.92","1.93","-0.0100","191"
"911622","泰聚亨-DR","985000","6019860","6.37","6.37","5.90","5.99","-0.3600","179"
"911868","同方友友-DR","477000","747890","1.63","1.63","1.54","1.54","-0.0900","172"
"912000","晨訊科-DR","2619000","7843540","3.02","3.06","2.95","2.96","-0.0600","568"
"912398","友佳-DR","515000","2723200","5.54","5.54","5.17","5.19","-0.3500","165"
"9136","巨騰-DR","349000","3468650","10.05","10.05","9.90","9.94","-0.1100","115"
"9188","精熙-DR","442000","1383800","3.22","3.22","3.10","3.10","-0.1100","134"
"9802","鈺齊-KY","2186000","252222500","119.00","120.00","112.00","112.50","-8.5000","1268"
"9902","台火","3408000","53796450","16.45","16.45","15.50","15.55","-0.9500","1436"
"9904","寶成","21123000","730118300","35.15","35.15","33.85","34.90","-0.7000","7282"
"9905","大華","819000","22748150","28.20","28.20","27.50","28.00","-0.1500","451"
"9906","欣巴巴","55000","2723500","50.10","50.10","49.00","49.45","0.1500","45"
"9907","統一實","7441000","114792850","15.40","15.80","15.20","15.20","-0.2000","2218"
"9908","大台北","105000","3559600","33.95","34.00","33.80","33.90","-0.0500","85"
"9910","豐泰","674000","135960000","205.00","206.50","199.50","200.50","-7.0000","479"
"9911","櫻花","575000","37345900","64.00","65.50","64.00","65.10","1.0000","351"
"9912","偉聯","158000","1544410","10.10","10.10","9.50","9.78","-0.3200","86"
"9914","美利達","1069000","351004500","333.00","336.00","320.00","328.00","-5.0000","902"
"9917","中保科","426000","40424100","95.20","95.60","94.50","94.50","-1.1000","361"
"9918","欣天然","30000","1150800","38.60","38.60","38.30","38.30","-0.3500","20"
"9919","康那香","21244000","766628200","35.85","37.10","34.80","34.90","0.7500","10203"
"9921","巨大","596000","211530000","351.00","359.00","351.00","355.00","-1.0000","547"
"9924","福興","519000","24493300","47.95","47.95","46.70","46.75","-1.2500","389"
"9925","新保","340000","13134700","38.80","38.90","38.55","38.55","-0.2000","222"
"9926","新海","48000","2306350","48.25","48.50","48.00","48.00","-0.2000","41"
"9927","泰銘","1090000","34445900","31.65","32.45","31.00","31.10","-0.5000","521"
"9928","中視","9000","53900","6.00","6.00","5.90","5.90","-0.1000","6"
"9929","秋雨","172000","2185100","12.75","12.80","12.65","12.65","-0.0500","82"
"9930","中聯資源","288000","13781350","48.60","48.60","47.30","47.45","-1.0500","190"
"9931","欣高","17000","689800","40.55","40.70","40.50","40.70","-0.3000","11"
"9933","中鼎","2945000","114814600","39.40","39.45","38.65","38.70","-0.8000","1483"
"9934","成霖","3764000","70791300","19.30","19.30","18.65","18.70","-0.6000","1058"
"9935","慶豐富","1094000","27285550","25.35","25.35","24.65","24.90","-0.5500","525"
"9937","全國","44000","2179400","49.35","49.60","49.35","49.60","-0.0500","22"
"9938","百和","1195000","113512100","96.40","96.40","94.00","94.60","-2.2000","699"
"9939","宏全","2261000","175247000","78.30","79.40","76.40","77.00","-1.6000","1299"
"9940","信義","1806000","58909850","33.60","33.60","32.10","32.30","-1.3000","967"
"9941","裕融","1208000","161015500","135.50","136.00","131.00","132.50","-4.0000","745"
"9941A","裕融甲特","24000","1225000","51.10","51.20","51.00","51.20","0.0000","15"
"9942","茂順","597000","59086300","101.00","101.00","97.00","98.80","-3.2000","430"
"9943","好樂迪","291000","19173100","66.90","66.90","65.10","65.90","-1.0000","230"
"9944","新麗","659000","13706800","20.60","21.50","20.55","21.05","0.4500","213"
"9945","潤泰新","6957000","370244300","53.10","53.70","52.80","53.10","0.0000","2983"
"9946","三發地產","365000","5984950","16.65","16.65","16.20","16.45","-0.2000","200"
"9955","佳龍","3151000","73059550","23.10","24.05","22.15","22.15","-1.0500","1553"
"9958","世紀鋼","11500000","1342974000","117.00","121.50","112.00","112.00","-4.0000","7087"
